Latitude,Longitude,Typ,ID,Incident,Location,Offense,Ward,Precinct,Incident Date,Arrest
34.995559000000,-89.81528600000001,aa,3753103,1711001211SH,56XX Annandale Dr,Aggravated Assault/Dv,,,12/01/2017   4:49AM,1
34.996005860000,-89.80825573000000,va,3732216,1710001084SH,55XX Shakespeare Dr,Vandalism/Misdemeanor,2,0,10/25/2017   9:18AM,
34.996005860000,-89.80825573000000,bu,3731554,1710001040SH,55XX Shakespeare Dr,Burglary/Residential,2,0,10/24/2017  12:28PM,
34.996037400000,-89.82133470000000,th,3705496,1709000371SH,55XX Millers Glen Ln,Theft From Motor Vehicle,226,Raines,09/11/2017  12:07PM,
34.996234000000,-89.79099099999996,ot,3746414,1711000721SH,55XX Hacks Cross Rd,Other Theft/Non-Specific,,,11/18/2017  12:43PM,
34.996285080000,-89.80589009000000,aa,3708013,1709000566SH,77XX Nash Dr,Aggravated Assault + Burglary/Dv (Domestic Violence),,,09/16/2017   1:48AM,
34.996440900000,-89.80590669999998,ot,3732555,1710001114SH,77XX Nash Dr,Intimidation,,,10/25/2017   9:00PM,
34.996453600000,-89.80588890000001,bu,3744690,1711000613SH,55XX Gwendolyn Dr,Burglary/Residential,0,0,11/15/2017   3:27PM,
34.996458400000,-89.80592530000001,ot,3726403,1710000616SH,55XX Gwendolyn St,Other Theft/Non-Specific,,,10/15/2017   9:42PM,
34.996677900000,-89.82341050000000,th,3723780,1710000437SH,55XX Shade Cv,Theft From Motor Vehicle,226,Raines,10/11/2017   7:09AM,
34.996705044922,-89.80745686830000,ot,3717406,1709001131SH,55XX Fog Hollow Ln,Attempted Suicide,,,09/30/2017  10:05PM,1
34.997341500000,-89.80943919999999,aa,3744522,1711000584SH,56XX Meadowbriar Trail,Aggravated Assault,2,,11/15/2017   9:31AM,1
34.997341500000,-89.80943919999999,ot,3720874,1710000251SH,56XX Meadowbriar Trail,Intimidation,2,,10/06/2017   9:33AM,1
34.997769100000,-89.81998260000000,aa,3713566,1709000853SH,55XX W Patsy Circle,Aggravated Assault,226,Raines,09/24/2017   4:24AM,
34.997902200000,-89.80484392000000,ot,3728736,1710000785SH,55XX Gwendolyn Dr,Identity Theft + Impersonation,,,10/19/2017  10:37AM,
34.999567500000,-89.82248320000000,bu,3716073,1709001048SH,54XX Hightor Ln,Burglary/Residential,226,Raines,09/28/2017  12:11PM,
34.999664000000,-89.81394500000000,ot,3731549,1710001021SH,54XX Harvey Pointe Ln,Other Theft/Non-Specific,226,Raines,10/24/2017   8:36AM,
35.000137000000,-89.81174299999998,va,3743417,1711000490SH,54XX Riverstone Dr,Vandalism/Misdemeanor,,,11/13/2017   3:13PM,
35.000795400000,-89.82103450000000,sa,3730844,1710000965SH,72XX Easterly Ln,Simple Assault/Dv + Vandalism/Misdemeanor/Dv,226,Raines,10/23/2017   8:12AM,
35.000875000000,-89.81872400000000,bu,3738422,1711000155SH,53XX Lake Village,Burglary/Residential,,,11/04/2017  10:15PM,
35.001294000000,-89.81543799999997,th,3738179,1711000142SH,53XX Annandale Dr,Theft From Motor Vehicle,,,11/04/2017  11:52AM,
35.001846000000,-89.81827399999997,va,3752784,1711001136SH,53XX Philgrove Way,Vandalism/Misdemeanor,,,11/29/2017   4:20PM,
35.002197600000,-89.81252190000000,bu,3704248,1709000327SH,75XX Glenlaurel Way,Burglary/Residential + Vandalism/Felony,226,Raines,09/10/2017   7:37AM,
35.002733000000,-89.82253200000002,th,3744620,1711000574SH,72XX Blue Grouse Ln,Theft From Motor Vehicle,,,11/15/2017   7:11AM,
35.002829600000,-89.80747770000000,ot,3707166,1709000508SH,53XX S Brookwater Cv,Threatening Phone Call,226,Raines,09/14/2017   9:04PM,
35.003355500000,-89.81717450000000,th,3716069,1709001050SH,53XX Bradley Ridge,Theft From Motor Vehicle,226,Raines,09/28/2017  12:55PM,
35.003377300000,-89.81638830000000,ot,3731171,1710001014SH,53XX Annandale,Obscene/Harassing Phone Calls,226,Raines,10/23/2017   8:53PM,
35.003379000000,-89.81646200000000,ot,3738161,1711000141SH,53XX Annandale Dr,Intimidation,,,11/04/2017  10:10AM,
35.003832706061,-89.80981887890000,ot,3733454,1710001192SH,76XX Glen Creek Ln,Other Theft/Non-Specific,002,,10/27/2017  12:27PM,
35.004572670024,-89.81588337040000,ot,3718225,1710000039SH,52XX Annandale Dr,Embezzlement,,,10/02/2017  12:16PM,
35.004678000000,-89.78857900000000,va,3723307,1710000398SH,52XX Magnolia Ln,Vandalism/Felony,226,Raines,10/10/2017   1:00PM,
35.004918100000,-89.80910159999996,ot,3746030,1711000686SH,76XX Easterly Ln,Intimidation/Dv,,,11/17/2017   1:25PM,
35.005345500000,-89.80610990000000,th,3756204,1712000205SH,77XX E Holmes Rd,Theft From Motor Vehicle,226,Raines,12/06/2017  11:41AM,
35.005454000000,-89.81827500000000,ot,3705495,1709000367SH,73XX Kevinridge Cv West,Intimidation/Dv,226,Raines,09/11/2017  11:14AM,
35.006256940000,-89.83029009000000,dr,3723129,1710000355SH,69XX E Holmes Rd,Drugs/Narcotics Violation/Felony,,,10/09/2017   2:07PM,1
35.006766000000,-89.81550399999998,ot,3752601,1711001176SH,74XX Holmes Rd,Impersonation + Identity Theft,,,11/30/2017  10:04AM,1
35.006976000000,-89.83037700000000,aa,3725224,1710000529SH,51XX Riverdale Rd,Aggravated Assault,,,10/13/2017  10:12AM,1
35.007004000000,-89.77701700000000,ot,3742006,1711000369SH,51XX Royston Ln,Other Larceny/Access Device,226,Raines,11/10/2017   9:47AM,
35.007020000000,-89.82227499999999,ot,3726405,1710000614SH,72XX Autumn Forrest Dr,Obscene/Harassing Phone Calls,,,10/15/2017   7:36PM,
35.007228000000,-89.77759500000002,va,3710258,1709000695SH,85XX Holmes Rd,Vandalism/Misdemeanor,,,09/19/2017   7:56PM,
35.007393100000,-89.78069690000000,th,3725466,1710000552SH,51XX Daysland Cv,Theft From Motor Vehicle,226,Raines,10/13/2017  10:04PM,
35.007906215334,-89.83047215150000,bu,3723167,1710000391SH,51XX Riverdale Rd,Burglary/Business,,,10/10/2017   2:57AM,
35.007977100000,-89.82290250000000,va,3729593,1710000878SH,72XX Autumn Forest,Vandalism/Misdemeanor,226,Raines,10/20/2017   4:34PM,
35.008106200000,-89.78105170000000,th,3730331,1710000911SH,51XX Wemberley Dr,Theft From Motor Vehicle,226,Raines,10/21/2017  10:35AM,
35.008513300000,-89.81478379999999,th,3709991,1709000653SH,51XX Stone Shadows Dr,Theft From Motor Vehicle,,,09/19/2017   8:16AM,
35.008513500000,-89.81476510000000,va,3709954,1709000658SH,51XX Stone Shadows Dr,Vandalism/Misdemeanor,226,Raines,09/19/2017   9:35AM,
35.008821200000,-89.81355860000000,sa,3704588,1709000350SH,74XX Kylan Dr,Simple Assault/Dv + Drugs/Narcotics Violation/Misdemeanor + Simple Assault/Dv,226,Raines,09/11/2017   1:05AM,1
35.009132000000,-89.81401400000000,ot,3733675,1710001211SH,74XX Kylan Dr,Intimidation/Dv,226,Raines,10/27/2017   7:26PM,
35.009821000000,-89.83828100000000,th,3711968,1709000742SH,50XX Pheasant Run Rd,Theft From Motor Vehicle,226,Raines,09/21/2017   5:29AM,
35.009857642167,-89.78739653970000,dr,3748224,1711000854SH,50XX Ashton Manor Ln,Drugs/Narcotics Violation/Felony,,,11/21/2017   8:39PM,1
35.009957700000,-89.80400150000000,th,3728765,1710000796SH,50XX Locust Bend,Mvt/Other + Other Theft/Non-Specific,226,Raines,10/19/2017   1:56PM,
35.010014673720,-89.82433357580000,va,3756200,1712000193SH,71XX Autumn Forrest Dr,Vandalism/Misdemeanor/Dv,,,12/06/2017   8:07AM,1
35.010117900000,-89.81461040000000,aa,3722665,1710000356SH,74XX Morgan House Dr,Aggravated Assault/Dv,226,Raines,10/09/2017   2:23PM,1
35.010397000000,-89.77265500000000,ot,3721479,1710000246SH,50XX Le Chateau Cv,Other Larceny/Access Device,,,10/06/2017   9:26AM,
35.010699000000,-89.79438600000003,ot,3734997,1710001305SH,50XX Laurel Lake Dr,Other Theft/Non-Specific,,,10/30/2017   5:17PM,
35.010859000000,-89.83746400000000,va,3727114,1710000669SH,50XX Pheasant Run Ln,Vandalism/Misdemeanor,226,Raines,10/16/2017   7:26PM,
35.010862000000,-89.82486399999999,th,3710717,1709000709SH,71XX Farmhouse Dr,Theft From Motor Vehicle,,,09/20/2017  10:00AM,
35.010983900000,-89.80574740000000,va,3734228,1710001233SH,50XX Granite Creek Rd,Vandalism/Misdemeanor,226,Raines,10/28/2017  11:42PM,
35.011619600000,-89.80830050000000,ot,3709521,1709000643SH,76XX Comstock Cv,Other Theft/Non-Specific,226,Raines,09/18/2017   7:39PM,
35.012182800000,-89.80416530000002,th,3751820,1711014203ME,49XX Hidden Lakes,Theft From Motor Vehicle,126,Old Allen,11/29/2017   3:36AM,1
35.012310300000,-89.84082290000000,ot,3727247,1710000679SH,49XX Lake Valley Cv,Intimidation,226,Raines,10/16/2017  11:37PM,
35.012414000000,-89.81925600000000,th,3712754,1709000833SH,49XX Pin Oak Cv,Theft From Motor Vehicle,226,Raines,09/23/2017   8:32AM,
35.012420000000,-89.78113800000000,bu,3739250,1711000210SH,49XX Wemberly Dr,Burglary/Residential,,,11/06/2017   2:57PM,
35.013506996362,-89.82704930800000,th,3741308,1711000345SH,49XX Barrington Cv,Theft From Motor Vehicle,0,0,11/09/2017   1:33PM,
35.013842200000,-89.80762020000000,th,3719866,1710000163SH,76XX Parkmont Dr,Theft From Motor Vehicle,226,Raines,10/04/2017   7:21PM,
35.014200600000,-89.78030260000000,ot,3706991,1709000490SH,49XX S Whitfall Cv,Other Theft/Non-Specific,226,Raines,09/14/2017   4:42PM,
35.014461458861,-89.83215761100000,bu,3756393,1712002840ME,49XX Pebblerock Cv,Burglary/Residential,923,Ridgeway,12/06/2017   3:18PM,
35.014879000000,-89.80211789999998,ot,3730846,1710000967SH,48XX Busy St,Intimidation/Dv,,,10/23/2017   8:51AM,
35.014879000000,-89.80211789999998,ot,3730645,1710000930SH,48XX Busy St,Intimidation/Dv,,,10/21/2017  11:23PM,
35.014913000000,-89.80465020000000,va,3714201,1709000935SH,48XX Top Notch Loop,Vandalism/Misdemeanor,226,Raines,09/25/2017   9:19PM,
35.015057300000,-89.80805870000000,va,3719985,1710000167SH,76XX Breeze Wood Cv,Vandalism/Misdemeanor,226,Raines,10/04/2017   8:36PM,
35.015111500000,-89.79408999999998,bu,3732955,1710001149SH,45XX Forest Hill Irene Rd,Burglary/Residential,,,10/26/2017   4:45PM,
35.015111500000,-89.79408999999998,ot,3731547,1710000978SH,45XX Forest Hill Irene Rd,Doa/Natural,,,10/23/2017  10:26AM,
35.015111500000,-89.79408999999998,ot,3729978,1710000909SH,80XX Irene Blvd,Other Theft/Non-Specific,,,10/21/2017   9:58AM,
35.015111500000,-89.79408999999998,ot,3724805,1710000513SH,45XX Forest Hill Irene Rd,Doa/Natural,,,10/12/2017   7:41PM,
35.015141740424,-89.79274852200000,bu,3721489,1710000296SH,80XX Irene Blvd,Burglary/Residential,,,10/07/2017  10:08AM,
35.015242530000,-89.80993747000000,bu,3744778,1711000617SH,48XX Callaway Hills Dr,Burglary/Residential,923,Ridgeway,11/15/2017   6:32PM,
35.015420200000,-89.79409220000000,ot,3734369,1710001251SH,80XX Irene Bvld,Child Neglect,226,Raines,10/29/2017  10:37AM,
35.015422870000,-89.84034033000000,ot,3717018,1709016431ME,48XX Ross Rd,Other Theft/Non-Specific,923,Ridgeway,09/30/2017   6:46AM,
35.015422870000,-89.83120681000000,dr,3736687,1711000034SH,Riverdale Rd & Cutter Mill Rd,Drugs/Narcotics Violation/Felony,923,Ridgeway,11/01/2017   9:47PM,1
35.015425306802,-89.79370169140000,ot,3747785,1711000826SH,80XX Irene Blvd,Theft of Vehicle Parts/Accessories,0,0,11/21/2017   5:28AM,
35.015774000000,-89.80550599999998,bu,3737606,1711000103SH,77XX Brookbury Cv,Burglary/Residential,,,11/03/2017  11:50AM,
35.015873730000,-89.84030137000000,va,3717341,1709016697ME,48XX Ross Rd,Vandalism/Misdemeanor,923,Ridgeway,09/30/2017   6:24PM,
35.015925200000,-89.79930850000000,va,3729590,1710000872SH,79XX Pinefrost Ln,Vandalism/Felony,226,Raines,10/20/2017   3:22PM,
35.016290000000,-89.83413000000000,ot,3727313,1710008775ME,48XX Sturbridge Ln,Credit Card/Atm Fraud,923,Ridgeway,10/17/2017   8:43AM,
35.016436700000,-89.78984809999997,th,3753372,1711001014SH,47XX Southern Hill Dr,Theft From Motor Vehicle,,,11/27/2017   9:44AM,
35.016436700000,-89.78984809999997,ot,3737123,1711000080SH,48XX Southern Hill,Intimidation/Dv,,,11/02/2017   8:39PM,
35.016446000000,-89.82021500000000,ot,3718424,1710000056SH,72XX Pinnacle Oaks Dr,Threatening Phone Call,226,Raines,10/02/2017   6:14PM,
35.016682549493,-89.84273373690000,bu,3712877,1709012744ME,48XX Mallard Nest Dr,Burglary/Residential,923,Ridgeway,09/23/2017   4:00PM,
35.016740240000,-89.80133979000000,dr,3712450,1709000824SH,78XX Windy Willow Rd,Drugs/Narcotics Violation/Felony,,,09/22/2017   8:39PM,1
35.016740240000,-89.80133979000000,aa,3712214,1709000794SH,78XX Windy Willow Rd,Aggravated Assault/Dv,,,09/22/2017  11:56AM,
35.017045980000,-89.83919098000000,ot,3719874,1710002124ME,67XX Henredon Rd,Other Theft/Non-Specific,923,Ridgeway,10/04/2017   7:03PM,
35.017045980000,-89.83764915000000,bu,3710996,1709011045ME,67XX Henredon,Burglary/Residential,923,Ridgeway,09/20/2017   8:01PM,
35.017142000000,-89.79881300000000,va,3718548,1710000059SH,79XX Snowfrost Cv,Vandalism/Misdemeanor,226,Raines,10/02/2017   8:37PM,
35.017246793187,-89.78649880170000,va,3749301,1711000926SH,82XX Irene Blvd,Vandalism/Misdemeanor,,,11/24/2017   8:09AM,
35.017336000000,-89.80754600000000,bu,3733255,1710001160SH,76XX Newfound Gap Rd,Burglary/Residential,,,10/26/2017   8:23PM,
35.017384195368,-89.78581014470000,th,3749299,1711000927SH,83XX Irene Blvd,Theft From Motor Vehicle,,,11/24/2017   8:25AM,
35.017794500000,-89.78559919999998,th,3749300,1711000906SH,83XX Irene Blvd,Theft From Motor Vehicle,,,11/24/2017   7:51AM,
35.017857540000,-89.83392893000000,th,3754560,1712001346ME,47XX Lynngate Dr,Theft From Motor Vehicle,923,Ridgeway,12/04/2017   6:36AM,
35.017980800000,-89.78471350000001,ot,3710718,1709000718SH,80XX Irene Blvd,Other Theft/Non-Specific,,,09/20/2017  12:48PM,
35.018087890000,-89.78900808000000,bu,3745574,1711000661SH,47XX Pelican Bay Dr,Burglary/Residential,,,11/16/2017   6:36PM,
35.018218500000,-89.78118820000000,ot,3733449,1710001172SH,47XX Bloomfield,Intimidation,226,Raines,10/27/2017  10:15AM,
35.018320950000,-89.78980441000000,th,3725207,1710000537SH,47XX Southern Hill Dr,Theft From Motor Vehicle,,,10/13/2017  12:26PM,
35.018365000000,-89.81670400000002,aa,3742569,1711000426SH,47XX Harvest Knoll Dr,Aggravated Assault/Dv,,,11/12/2017   1:26AM,1
35.018398580000,-89.84321887000000,va,3736504,1711000599ME,66XX Blue Bill St,Vandalism/Misdemeanor,923,Ridgeway,11/01/2017  11:03PM,
35.018537605085,-89.78844105850000,th,3750725,1711001006SH,47XX Pelican Bay Dr,Theft From Motor Vehicle,,,11/27/2017   8:18AM,
35.018555900000,-89.82971299999997,ot,3741685,1711005284ME,47XX Riverdale,Credit Card/Atm Fraud,923,Ridgeway,11/10/2017   9:39AM,
35.018555900000,-89.82971299999997,ot,3736923,1710001349SH,47XX Riverdale,Theft of Vehicle Parts/Accessories,923,Ridgeway,10/31/2017  10:30AM,
35.018555900000,-89.82971299999997,ot,3734125,1710014781ME,47XX Riverdale Rd,Theft of Vehicle Parts/Accessories,923,Ridgeway,10/28/2017   3:43PM,1
35.018555900000,-89.82971299999997,ot,3729907,1710011059ME,47XX Riverdale Rd,False Pretenses/Swindle/Confidence Game,923,Ridgeway,10/21/2017   9:21AM,
35.018555900000,-89.82971299999997,ot,3714698,1709014321ME,47XX Riverdale,Credit Card/Atm Fraud,923,Ridgeway,09/26/2017   2:37PM,
35.018559116372,-89.80249512890000,th,3745416,1711000654SH,78XX Harpy Dr,Theft From Motor Vehicle,0,0,11/16/2017   3:47PM,1
35.018574600000,-89.78864090000002,va,3744621,1711000579SH,47XX Pelican Bay Dr,Vandalism/Felony,,,11/15/2017   8:09AM,
35.018574600000,-89.78864090000000,th,3751251,1711001010SH,48XX Pelican Bay Dr,Theft From Motor Vehicle,,,11/27/2017   8:47AM,
35.018697395364,-89.83934417010000,ot,3743409,1711006836ME,67XX Boylston Dr,Intimidation/Dv,923,Ridgeway,11/13/2017   6:00PM,
35.019050010275,-89.83957822450000,va,3746214,1711009312ME,67XX Boylston Dr,Vandalism/Misdemeanor,923,Ridgeway,11/17/2017  11:42PM,
35.019119980000,-89.83898529000000,aa,3746393,1711009278ME,67XX Boylston Dr,Aggravated Assault/Dv,923,Ridgeway,11/17/2017   9:30PM,
35.019232600000,-89.83309880000002,ot,3756711,1712003299ME,47XX Heather Row,Other Larceny/Access Device,923,Ridgeway,12/07/2017  11:17AM,
35.019455500000,-89.83874220000000,va,3748372,1711011197ME,67XX East Shelby Dr,Vandalism/Misdemeanor,923,Ridgeway,11/22/2017   4:21AM,
35.019487100000,-89.79594020000002,bu,3728500,1710000772SH,47XX Hacks Cross Rd,Burglary/Business,,,10/19/2017   1:40AM,
35.019487100000,-89.79594020000002,bu,3722372,1710000335SH,47XX Hacks Cross Rd,Burglary/Business,,,10/09/2017   4:29AM,
35.019491000596,-89.83033836100000,ot,3746489,1711009580ME,47XX Riverdale Rd,Embezzlement,923,Ridgeway,11/18/2017   5:29PM,
35.019763000000,-89.80673400000000,va,3738797,1711000177SH,76XX Callaway Hills Cv,Vandalism/Misdemeanor/Dv,226,Raines,11/05/2017   6:20PM,1
35.019948260000,-89.79946267000000,bu,3730647,1710000964SH,79XX E Shelby Dr,Burglary/Business,,,10/23/2017   2:55AM,
35.019948260000,-89.79946267000000,bu,3720738,1710000238SH,79XX E Shelby Dr,Burglary/Business,,,10/06/2017   2:18AM,
35.019984544079,-89.79531356150000,th,3735149,1710001320SH,80XX E Shelby Dr,Theft From Motor Vehicle,2,,10/30/2017   9:04PM,
35.020021740000,-89.83286782000000,bu,3705111,1709005592ME,46XX Heather Row Rd,Burglary/Residential,923,Ridgeway,09/11/2017   5:58PM,
35.020111910000,-89.83955882000000,sh,3704577,1709005186ME,67XX E Shelby Dr,Shoplifting/Misdemeanor + Vandalism/Misdemeanor,923,Ridgeway,09/11/2017   2:20AM,
35.020167700000,-89.80232110000000,va,3737136,1711000077SH,48XX Twin Eagles Circle,Vandalism/Misdemeanor,226,Raines,11/02/2017   7:34PM,
35.020181434739,-89.79689695400000,dr,3756828,1712000255SH,80XX E Shelby Dr,Drugs/Narcotics Violation/Misdemeanor + Drug Equipment Violation + Weapon Law Violations/Misdemeanor,,,12/07/2017  12:24PM,1
35.020181434739,-89.79689695400000,ot,3752160,1711001143SH,80XX E Shelby Dr,Other Theft/Non-Specific,,,11/29/2017   4:43PM,
35.020181434739,-89.79689695400000,aa,3750204,1711000992SH,80XX E Shelby Dr,Aggravated Assault,,,11/26/2017   4:03PM,
35.020181434739,-89.79689695400000,ot,3721482,1710000255SH,80XX Shelby Dr,Other Theft/Non-Specific,,,10/06/2017  10:38AM,
35.020382440000,-89.82944096000000,ot,3717775,1710000270ME,69XX Shelby Dr,False Pretenses/Swindle/Confidence Game,923,Ridgeway,10/01/2017   6:11PM,
35.020465214521,-89.84144914260000,ot,3743476,1711006797ME,66XX E Shelby Dr,Embezzlement,923,Ridgeway,11/13/2017   4:42PM,1
35.020479067060,-89.82812890120000,va,3732065,1710013001ME,70XX E Shelby Dr,Vandalism/Misdemeanor,923,Ridgeway,10/25/2017   7:13AM,
35.020608300000,-89.79146470000000,aa,3715889,1709001041SH,81XX E Shelby Dr,Aggravated Assault,226,Raines,09/28/2017   8:38AM,
35.020681032015,-89.83077933890000,ot,3742211,1711005706ME,69XX E Shelby Dr,Driving Under the Influence,923,Ridgeway,11/11/2017   5:19AM,1
35.020805000000,-89.80748000000000,va,3704805,1709000372SH,46XX Oakden Ln,Vandalism/Felony,226,Raines,09/11/2017  12:20PM,
35.020806170000,-89.82620993000000,dr,3741859,1711000338SH,71XX E Shelby Dr,Drugs/Narcotics Violation/Misdemeanor + Weapon Law Violations/Misdemeanor + Drugs/Narcotics Violation/Misdemeanor,,,11/09/2017  11:37AM,1
35.020957000000,-89.84194300000001,bu,3713265,1709013072ME,66XX Shelby Dr,Burglary/Business,923,Ridgeway,09/24/2017   7:32AM,1
35.021048666614,-89.79987222450000,va,3707678,1709000544SH,79XX Shelby Dr,Vandalism/Misdemeanor,,,09/15/2017   3:21PM,
35.021287000000,-89.80397900000003,th,3753370,1711001213SH,77XX Gosbrook Ln,Theft From Motor Vehicle,,,12/01/2017   7:08AM,
35.021468212064,-89.82887501430000,sa,3746451,1711009520ME,70XX Shelby Dr,Simple Assault + Vandalism/Misdemeanor,923,Ridgeway,11/18/2017   2:29PM,
35.021633300000,-89.83711480000000,ot,3749934,1711012629ME,46XX Chelwood Dr,Other Theft/Non-Specific,923,Ridgeway,11/25/2017   9:44PM,
35.022029000000,-89.80623789999999,ot,3721483,1710000258SH,77XX Walcott Cv,Intimidation/Dv,,,10/06/2017  11:03AM,1
35.022029000000,-89.80623789999999,ot,3716283,1709001074SH,77XX Walcott Cv,Intimidation,,,09/28/2017  10:13PM,
35.022070900000,-89.78235590000000,bu,3731551,1710001029SH,86XX Meadow Vale Dr,Burglary/Residential,226,Raines,10/24/2017  11:05AM,
35.022246200000,-89.82998240000000,ot,3751422,1711013902ME,69XX E Shelby Dr,Embezzlement,923,Ridgeway,11/28/2017   3:08PM,1
35.022276150000,-89.84021142000000,th,3719460,1710001755ME,66XX Grouse,Theft From Motor Vehicle,923,Ridgeway,10/04/2017   7:04AM,
35.022330400000,-89.80216360000000,ot,3730041,1710000357SH,46XX Sweet Whisper Ln,Driving Under the Influence,226,Raines,10/06/2017   7:35PM,1
35.022373500000,-89.80427310000000,va,3705297,1709000402SH,77XX Driscoll,Vandalism/Misdemeanor/Dv,226,Raines,09/12/2017   5:12AM,
35.022701000000,-89.79009570000000,ot,3725612,1710000554SH,45XX Hansberry Dr,Intimidation/Dv,,,10/14/2017  12:14AM,
35.022704000000,-89.83955000000003,ot,3723879,1710005490ME,46XX Ross Rd,Credit Card/Atm Fraud,923,Ridgeway,10/11/2017  11:02AM,
35.022773200000,-89.78690200000000,th,3735153,1710001315SH,45XX Meadow Cliff Dr,Theft From Motor Vehicle,226,Raines,10/30/2017   6:45PM,
35.022858900000,-89.80433500000000,ot,3731302,1710001020SH,77XX Discoll,Theft of Vehicle Parts/Accessories,226,Raines,10/24/2017   4:27AM,
35.022883000000,-89.83195400000000,ot,3707291,1709007652ME,46XX Wicklow,Doa/Natural,923,Ridgeway,09/15/2017   2:54AM,
35.022909981310,-89.79003002600000,ot,3738715,1711000176SH,45XX Hansberry Dr,Animal Injury,,,11/05/2017   3:54PM,
35.023123000000,-89.81620700000000,ot,3728874,1710000800SH,45XX Tracy Lynn Dr,False Pretenses/Swindle/Confidence Game + Identity Theft,226,Raines,10/19/2017   3:31PM,
35.023134000000,-89.80508700000001,aa,3734137,1710001227SH,77XX Beacon Point Rd,Aggravated Assault,,,10/28/2017   6:50PM,
35.023603596221,-89.79192478460000,th,3734364,1710001247SH,81XX Broadford Dr,Theft From Motor Vehicle,,,10/29/2017   9:52AM,
35.023686000000,-89.82325890000000,aa,3757145,1712000285SH,45XX Bassett Hall Dr,Aggravated Assault/Dv,226,Raines,12/07/2017  11:28PM,
35.024006380193,-89.79076061960000,th,3734362,1710001242SH,81XX Portree,Theft From Motor Vehicle,0,,10/29/2017   7:26AM,
35.024162300000,-89.79060859999998,th,3734370,1710001245SH,81XX Portree Dr,Theft From Motor Vehicle,,,10/29/2017   9:38AM,
35.024162300000,-89.79060859999998,sa,3730036,1710000916SH,81XX Portree Dr,Simple Assault/Dv + Vandalism/Misdemeanor/Dv + Simple Assault/Dv,,,10/21/2017   4:50PM,1
35.024169900000,-89.83411973000000,ot,3753315,1712000103ME,68XX Rockbrook Ln,Intimidation/Dv,923,Ridgeway,12/01/2017   7:51AM,
35.024382900000,-89.75955320000003,th,3736473,1711000032SH,90XX E Shelby Dr,Theft From Motor Vehicle,,,11/01/2017   9:19PM,
35.024553500000,-89.76218790000000,th,3736377,1711000030SH,90XX Eshelby Dr,Theft From Motor Vehicle,226,Raines,11/01/2017   8:30PM,
35.024616900000,-89.78653990000000,va,3742568,1711000422SH,45XX Meadow Cliff Dr,Vandalism/Felony,226,Raines,11/11/2017  11:18PM,
35.024801150000,-89.83893544000000,th,3711381,1709011339ME,67XX Seven Valley Dr,Theft From Motor Vehicle,923,Ridgeway,09/21/2017   9:23AM,
35.024891330000,-89.83787776000000,bu,3723686,1710005491ME,67XX Seven Valley Dr,Burglary/Residential,923,Ridgeway,10/11/2017  10:59AM,
35.024981510000,-89.83334566000000,bu,3745406,1711008543ME,68XX Sauvignon Cv,Burglary/Residential,923,Ridgeway,11/16/2017   3:25PM,
35.025432410000,-89.83254811000000,ot,3706985,1709007381ME,69XX Sauvignon Rd,Threatening Phone Call,923,Ridgeway,09/14/2017   4:29PM,
35.025511000000,-89.78299099999998,th,3707157,1709000510SH,84XX Forest Mist Dr,Theft From Motor Vehicle,,,09/14/2017   9:37PM,
35.025599000000,-89.82283699999999,ot,3707673,1709000542SH,72XX Market Sq Dr,False Pretenses/Swindle/Confidence Game,,,09/15/2017   3:02PM,
35.025793130000,-89.82884852000000,va,3749754,1711012422ME,70XX Apple Creek,Vandalism/Misdemeanor,923,Ridgeway,11/25/2017  11:38AM,
35.025858900000,-89.78412400000002,ot,3728265,1710000759SH,83XX Forest Mist Dr,Intimidation/Dv + Drug Equipment Violation,,,10/18/2017   4:24PM,1
35.026094700000,-89.80559000000000,aa,3725598,1710000558SH,44XX Oakden Cv,Aggravated Assault/Dv,226,Raines,10/14/2017   1:54AM,1
35.026192202221,-89.82732163020000,aa,3746447,1711009461ME,70XX Apple Creek Cv,Aggravated Assault/Dv,923,Ridgeway,11/18/2017  11:13AM,1
35.026242038974,-89.84189000000000,va,3718755,1710001103ME,66XX Stockport Dr,Vandalism/Misdemeanor,923,Ridgeway,10/03/2017   6:29AM,
35.026604760000,-89.83416270000000,ot,3721908,1710003664ME,68XX Glenwick,Intimidation,923,Ridgeway,10/07/2017   2:38PM,
35.026707400000,-89.79331190000000,th,3730632,1710000932SH,80XX Conridge Rd,Theft From Motor Vehicle,226,Raines,10/22/2017   2:42AM,
35.026891900000,-89.77927600000000,th,3725605,1710000560SH,85XX Kamin Ln,Theft From Motor Vehicle,226,Raines,10/14/2017   2:30AM,
35.026995460207,-89.83907824370000,bu,3709852,1709009948ME,67XX Beaverlodge,Burglary/Residential,923,Ridgeway,09/19/2017  10:06AM,
35.027055660000,-89.83207370000000,va,3750134,1711012786ME,69XX Glenwick Rd,Vandalism/Misdemeanor,923,Ridgeway,11/26/2017  10:47AM,
35.027079300000,-89.79299970000000,va,3708389,1709000578SH,80XX Conridge,Vandalism/Misdemeanor,226,Raines,09/16/2017   9:03PM,
35.027217800000,-89.80423250000000,bu,3721204,1710000284SH,43XX Oakden Cv,Burglary/Residential,226,Raines,10/06/2017   6:44PM,
35.027279570000,-89.78993883000000,th,3734371,1710001253SH,44XX Whispering Bend Dr,Theft From Motor Vehicle,,,10/29/2017  11:31AM,
35.027340900000,-89.79307840000000,va,3732218,1710001090SH,44XX Lunsford,Vandalism/Misdemeanor/Dv,226,Raines,10/25/2017  10:58AM,
35.027434698672,-89.83875827040000,va,3736161,1711000209ME,67XX Rockingham Rd,Vandalism/Misdemeanor,923,Ridgeway,11/01/2017  11:51AM,
35.027451900000,-89.83007399999997,va,3743583,1711006947ME,69XX Rockingham Rd,Vandalism/Misdemeanor,923,Ridgeway,11/13/2017  10:36PM,
35.027466500000,-89.80290910000000,ot,3707172,1709000506SH,44XX Hughes Meadow Dr,Threatening Phone Call,226,Raines,09/14/2017   8:24PM,
35.027506570000,-89.83085272000000,va,3735899,1711000044ME,44XX Green Creek Dr,Vandalism/Misdemeanor,923,Ridgeway,11/01/2017   5:51AM,
35.027506570000,-89.83032446000000,va,3749517,1711012245ME,44XX Green Creek,Vandalism/Felony,923,Ridgeway,11/24/2017  10:32PM,
35.027506570000,-89.83006433000000,rr,3725032,1710006694ME,69XX Rockingham,Forcible Rape + Aggravated Assault/Dv,923,Ridgeway,10/13/2017   6:10AM,
35.027612500000,-89.78491270000000,ot,3711425,1709000715SH,55XX Shakespeare Dr,Theft of Vehicle Parts/Accessories,121,Old Allen,09/20/2017  10:56AM,
35.027657200000,-89.82224040000000,ot,3734765,1710014691ME,23XX Germantown Rd,Theft of Vehicle Parts/Accessories,226,Raines,10/28/2017  12:07PM,
35.028094000000,-89.80397499999998,th,3703869,1709000298SH,77XX Meadow Vale Dr,Theft From Motor Vehicle,,,09/09/2017   8:55AM,1
35.028231000000,-89.83729499999998,aa,3742955,1711006358ME,67XX Smokey Ln,Aggravated Assault,923,Ridgeway,11/12/2017   8:20PM,1
35.028231000000,-89.83729499999998,bu,3742959,1711006321ME,67XX Smokey Ln,Burglary/Residential + Vandalism/Misdemeanor,923,Ridgeway,11/12/2017   6:44PM,1
35.028323400000,-89.75531360000000,th,3729309,1710000843SH,44XX Birmingham Ln,Theft From Motor Vehicle,226,Raines,10/20/2017   9:04AM,
35.028436900000,-89.79182800000001,aa,3712440,1709000816SH,81XX Cross Creek Ct,Aggravated Assault/Dv,0,0,09/22/2017   6:11PM,1
35.028706000000,-89.75482510000000,th,3748862,1711000862SH,93XX Threave Ln,Theft From Motor Vehicle,,,11/22/2017   5:50AM,
35.028706000000,-89.75482510000000,ot,3717757,1710000014SH,92XX Threave Ln,Other Theft/Non-Specific,,,10/01/2017   3:46PM,
35.028925500000,-89.75482970000002,th,3724466,1710000471SH,93XX Threave Pl,Theft From Motor Vehicle,,,10/11/2017   2:33PM,
35.028925500000,-89.75482970000002,va,3708833,1709000593SH,93XX Threave Pl,Vandalism/Misdemeanor/Dv,,,09/17/2017   5:23PM,
35.028949490000,-89.82806127000000,va,3749518,1711012240ME,43XX Timber Rise Rd,Vandalism/Misdemeanor,923,Ridgeway,11/24/2017  10:26PM,
35.029129860000,-89.75808307000000,th,3712879,1709000841SH,43XX Hardgreaves Ln,Theft From Motor Vehicle,923,Ridgeway,09/23/2017   3:59PM,
35.029148500000,-89.81542070000000,dr,3716328,1709001079SH,74XX Concorde View,Drugs/Narcotics Violation/Misdemeanor + Drug Equipment Violation,226,Raines,09/29/2017  12:34AM,1
35.029247000000,-89.78893400000000,ot,3704761,1709000334SH,43XX S Whispering Bend Cv,Intimidation/Dv,226,Raines,09/10/2017  12:16PM,
35.029257000000,-89.75711580000001,va,3727241,1710008754ME,17XX Keltner Circle,Vandalism/Misdemeanor,723,Airways,10/12/2017  12:30AM,
35.029303000000,-89.82221119999997,th,3753371,1711001018SH,78XX N Garden Manor Dr,Theft From Motor Vehicle,923,Ridgeway,11/27/2017  10:23AM,
35.029367600000,-89.81267620000000,aa,3755746,1712000185SH,71XX Autumn Forest Dr,Aggravated Assault/Dv,,,12/05/2017   7:23PM,
35.029398000000,-89.83836700000000,bu,3752903,1711015109ME,67XX Valley Bend Dr,Burglary/Residential,923,Ridgeway,11/30/2017   3:02PM,
35.029443800000,-89.78995860000000,th,3734366,1710001248SH,43XX Whispering Bend Dr,Theft From Motor Vehicle,226,Raines,10/29/2017  10:03AM,
35.029670960000,-89.83643448000000,ot,3754974,1712001685ME,68XX Castlegate Dr,Intimidation,923,Ridgeway,12/04/2017   4:13PM,1
35.029831000000,-89.81016800000000,ot,3740748,1711000321SH,43XX Old Forest Rd,False Pretenses/Swindle/Confidence Game,226,Raines,11/08/2017   8:35PM,
35.029851320000,-89.82362658000000,ot,3742530,1711006012ME,43XX Oak Chase Cv,Theft of Vehicle Parts/Accessories,923,Ridgeway,11/11/2017  11:13PM,
35.030043200000,-89.81148170000000,bu,3735150,1710001313SH,43XX Richwood Pl,Burglary/Residential,226,Raines,10/30/2017   5:59PM,
35.030220600000,-89.75969909999998,ot,3727800,1710000721SH,43XX Forest Hill Irene Rd,Embezzlement,,,10/17/2017   9:07PM,
35.030302240000,-89.83021216000000,va,3737191,1711001257ME,69XX Autumncrest Cv,Vandalism/Misdemeanor,923,Ridgeway,11/02/2017   9:47PM,
35.030408600000,-89.82198480000000,dr,3718345,1709001108SH,43XX S Germnatown Rd,Drugs/Narcotics Violation/Misdemeanor + Drug Equipment Violation + Drugs/Narcotics Violation/Misdemeanor,226,Raines,09/29/2017   9:48PM,1
35.030662980000,-89.83481816000000,ot,3709961,1709010086ME,68XX Fox Hedge,Trespass of Real Property,923,Ridgeway,09/19/2017   1:22PM,1
35.031141300000,-89.81535040000000,aa,3730435,1710000956SH,74XX Battlefield Pl,Aggravated Assault/Dv,226,Raines,10/22/2017   5:09PM,1
35.031170000000,-89.83567000000000,ot,3729372,1710010640ME,43XX Snowmass Ln,False Pretenses/Swindle/Confidence Game,923,Ridgeway,10/20/2017  11:34AM,
35.031263879832,-89.79612961580000,th,3743194,1711000474SH,80XX Marsha Woods Dr,Theft From Motor Vehicle,,,11/13/2017  10:24AM,
35.031263879832,-89.79612961580000,ot,3735635,1710001364SH,80XX Marsha Woods Dr,Intimidation,,,10/31/2017   5:27PM,
35.031294270000,-89.82885367000000,va,3749642,1711012355ME,42XX Timber Rise Rd,Vandalism/Misdemeanor,923,Ridgeway,11/25/2017   8:24AM,
35.031384460000,-89.79631196000000,bu,3727133,1710000677SH,79XX Marsha Woods Dr,Burglary/Residential,926,Ridgeway,10/16/2017   9:52PM,
35.031716500000,-89.82126929999998,va,3734787,1710001275SH,38XX W Garden Manor Dr,Vandalism/Misdemeanor,,,10/30/2017   7:02AM,
35.031731100000,-89.82744690000000,ot,3731116,1710012092ME,70XX The Ridge Cv,Intimidation/Dv,923,Ridgeway,10/23/2017   5:17PM,
35.031919853701,-89.82815558780000,ot,3739795,1711003557ME,70XX The Ridge Cv,Identity Theft + Impersonation,923,Ridgeway,11/07/2017   1:01PM,
35.032123000000,-89.79882090000000,th,3722659,1710000346SH,79XX Carmen Cv,Theft From Motor Vehicle,226,Raines,10/09/2017  12:34PM,
35.032292000742,-89.84295766110000,ot,3739270,1711000227SH,66XX Meadow Bend,Intimidation/Dv,923,Ridgeway,11/06/2017   6:10PM,
35.032376500000,-89.83449960000000,ot,3753229,1712000186ME,68XX Snyder Rd,Intimidation/Dv,923,Ridgeway,12/01/2017  11:41AM,
35.032485745788,-89.83406598390000,va,3750230,1711012895ME,68XX Snyder Rd,Vandalism/Misdemeanor,923,Ridgeway,11/26/2017   5:00PM,
35.032638733144,-89.79612427560000,bu,3746719,1711000734SH,42XX Hacks Cross Rd,Burglary/Business,,,11/19/2017  12:24AM,
35.032737240000,-89.84232277000000,ot,3725090,1710006267ME,66XX Meadow Bend,Obscene/Harassing Phone Calls/Dv,923,Ridgeway,10/12/2017   1:47PM,
35.032829830000,-89.79935220000000,th,3754067,1712000035SH,42XX Carmen Sq,Theft From Motor Vehicle,2,0,12/02/2017  12:08AM,
35.032917610000,-89.83367397000000,ot,3719461,1710001734ME,42XX Meadow Valley Cv,Arson,923,Ridgeway,10/04/2017   5:02AM,
35.032917610000,-89.83367397000000,aa,3719427,1710001707ME,42XX Meadow Valley Dr E,Aggravated Assault,923,Ridgeway,10/04/2017   3:16AM,
35.033097990000,-89.83196312000000,th,3750804,1711013315ME,42XX Riverdale Rd,Theft From Motor Vehicle,923,Ridgeway,11/27/2017   3:23PM,
35.033175389994,-89.82758689840000,ot,3705112,1709005632ME,70XX Cross Timber Ln,Other Larceny/Access Device,924,Ridgeway,09/11/2017   7:09PM,
35.033188170000,-89.82638996000000,dr,3735877,1711000029ME,71XX Falls Hollow Cv,Drugs/Narcotics Violation/Misdemeanor,924,Ridgeway,11/01/2017   2:50AM,1
35.033226061811,-89.79322720970000,ot,3707868,1709000559SH,81XX Waterford Cir,Other Theft/Non-Specific,,,09/15/2017   9:03PM,
35.033456532265,-89.82688160110000,va,3706419,1709006810ME,42XX Chesapeake Way,Vandalism/Misdemeanor,924,Ridgeway,09/13/2017   6:46PM,
35.033485100000,-89.83716220000000,ot,3741900,1711005508ME,41XX Tunbridge Place,Theft of Vehicle Parts/Accessories,923,Ridgeway,11/10/2017   6:17PM,
35.033601030000,-89.79431452000000,ot,3733607,1710001202SH,42XX Hacks Cross Rd,Other Larceny/Access Device,2,0,10/27/2017   4:25PM,
35.033603000000,-89.83532800000000,ot,3718531,1710000976ME,42XX Meadow Ridge Trail,Intimidation/Dv,923,Ridgeway,10/02/2017   9:54PM,1
35.033617000000,-89.84054900000001,th,3715244,1709014776ME,66XX Rocky Park,Theft From Motor Vehicle,923,Ridgeway,09/27/2017   8:32AM,
35.033632900000,-89.79763570000000,aa,3753786,1712000037SH,42XX Hacks Cross Rd,Aggravated Assault,,,12/02/2017   2:52AM,
35.033632900000,-89.79763570000000,dr,3753095,1711001205SH,42XX Hacks Cross Rd,Drugs/Narcotics Violation/Felony + Drug Equipment Violation,,,11/30/2017  11:59PM,1
35.033632900000,-89.79763570000000,th,3734993,1710001312SH,42XX Hacks Cross Rd,Theft From Motor Vehicle,,,10/30/2017   5:51PM,
35.033632900000,-89.79763570000000,ot,3735100,1710001269SH,42XX Hacks Cross Rd,False Pretenses/Swindle/Confidence Game,,,10/30/2017   1:20AM,1
35.033639110000,-89.83564609000000,ot,3709741,1709009572ME,Tunbridge Pl & Rossridge,Intimidation,923,Ridgeway,09/18/2017   5:30PM,
35.033639110000,-89.79863187000000,aa,3730432,1710000952SH,79XX N Baymeadow Cir,Aggravated Assault/Dv,923,Ridgeway,10/22/2017   3:47PM,1
35.033692000000,-89.83530300000000,va,3712867,1709012719ME,42XX Meadow Ridge Tl,Vandalism/Misdemeanor,923,Ridgeway,09/23/2017   2:54PM,
35.033729290000,-89.84202024000000,bu,3750618,1711013226ME,66XX Meadow Bend Dr,Burglary/Residential,923,Ridgeway,11/27/2017  12:34PM,
35.033792656070,-89.83732088020000,ot,3724778,1710006300ME,41XX Tunbridge Pl,Theft of Vehicle Parts/Accessories,923,Ridgeway,10/12/2017   3:00PM,
35.033999850000,-89.82436570000000,va,3737189,1711001265ME,71XX Chevy Chase Dr,Vandalism/Misdemeanor,924,Ridgeway,11/02/2017   9:53PM,
35.034090040000,-89.84234454000000,va,3728283,1710009680ME,66XX Wood Meadow Cv,Vandalism/Misdemeanor,923,Ridgeway,10/18/2017   5:58PM,
35.034123000000,-89.81922000000000,bu,3728928,1710000817SH,41XX Indian Brook Cv,Burglary/Residential,226,Raines,10/19/2017   6:48PM,
35.034175300000,-89.79865810000001,ot,3725476,1710007164ME,15XX Cain Meadow Cir,Intimidation,723,Airways,10/13/2017  10:52PM,
35.034345500000,-89.79239150000001,va,3703911,1709000305SH,81XX Waterford Cir,Vandalism/Misdemeanor,,,09/09/2017   1:36PM,
35.034348000000,-89.80898800000000,ot,3724619,1710000504SH,76XX Ironwood Cv,Trespass of Real Property,,,10/12/2017   5:04PM,
35.034348000000,-89.80898800000000,va,3722770,1710000376SH,76XX Ironwood Cv,Vandalism/Misdemeanor,,,10/09/2017   6:17PM,
35.034349200000,-89.79255710000001,th,3734358,1710001256SH,81XX Waterford Cir,Theft From Motor Vehicle,2,0,10/29/2017  12:56PM,
35.034360600000,-89.79239080000000,th,3748581,1711000869SH,80XX Waterford Cir,Theft From Motor Vehicle,226,Raines,11/22/2017   9:52AM,
35.034364600000,-89.79255680000000,ot,3730963,1710000997SH,81XX Waterford Cir,Attempted Suicide,226,Raines,10/23/2017   4:00PM,
35.034444350000,-89.79623285000000,th,3750643,1711001033SH,41XX Hacks Cross Rd,Theft From Motor Vehicle,,,11/27/2017  12:24PM,
35.034444350000,-89.79623285000000,ot,3738912,1711000188SH,41XX Hacks Cross Rd,Impersonation,,,11/06/2017   1:09AM,1
35.034589800000,-89.80102820000000,bu,3710708,1709000678SH,41XX Rainey Woods Dr,Burglary/Residential,226,Raines,09/19/2017  12:44PM,
35.034597000000,-89.79771800000000,dr,3748835,1711000904SH,79XX Lowrance Rd,Drugs/Narcotics Violation/Misdemeanor,226,Raines,11/23/2017  12:36AM,1
35.034597000000,-89.79771800000000,th,3747131,1711000757SH,79XX Lowrance Rd,Theft From Motor Vehicle,226,Raines,11/20/2017   4:05AM,
35.034597000000,-89.79771800000000,th,3744003,1711000518SH,79XX Lowrance Rd,Theft From Motor Vehicle,226,Raines,11/14/2017   7:45AM,
35.034763300000,-89.80104560000000,va,3714713,1709000951SH,41XX Rainey Woods Dr,Vandalism/Felony,226,Raines,09/26/2017  11:01AM,
35.034874000000,-89.82539099999997,ot,3750360,1711012922ME,36XX Durrand Rd,Carjacking,924,Ridgeway,11/26/2017   7:07PM,
35.034931300000,-89.84119829999997,ot,3727527,1710000657SH,66XX Raines Rd,Driving Under the Influence,924,Ridgeway,10/16/2017   3:39PM,1
35.034991920000,-89.83133286000000,aa,3720309,1710001992ME,Riverdale & Raines,Aggravated Assault,924,Ridgeway,10/04/2017   3:21PM,
35.034991920000,-89.83133286000000,aa,3706412,1709006888ME,Riverdale & Raines,Aggravated Assault,924,Ridgeway,09/13/2017   8:46PM,
35.035201073028,-89.83383720730000,va,3727838,1710009231ME,68XX E Raines Rd,Vandalism/Misdemeanor,924,Ridgeway,10/17/2017  10:05PM,
35.035288340696,-89.83684314150000,ot,3706765,1709007119ME,41XX Meadow Park Cv,Theft of Vehicle Parts/Accessories,924,Ridgeway,09/14/2017   9:01AM,
35.035331581092,-89.79479389510000,aa,3756166,1712000217SH,41XX Hacks Cross Rd,Aggravated Assault,,,12/06/2017  12:33PM,
35.035331581092,-89.79479389510000,ot,3713993,1709000902SH,41XX Hacks Cross Rd,Theft of Vehicle Parts/Accessories,,,09/25/2017  10:00AM,
35.035442860000,-89.81752916000000,ot,3714215,1709013884ME,41XX Cohasset Cv,Animal Injury,924,Ridgeway,09/25/2017   7:41PM,
35.035497570000,-89.79665692000000,ot,3754907,1712000129SH,41XX Hacks Cross Rd,Intimidation,,,12/04/2017   4:05PM,
35.035512500000,-89.80369100000000,ot,3723516,1710000425SH,41XX Lake Cross Dr,Theft of Vehicle Parts/Accessories,226,Raines,10/10/2017   9:18PM,
35.035739900000,-89.80417699999998,bu,3710256,1709000692SH,41XX Lake Cross Dr West,Burglary/Residential,,,09/19/2017   6:54PM,
35.035814491764,-89.83151611110000,ot,3704692,1709005345ME,41XX Riverdale,Credit Card/Atm Fraud,924,Ridgeway,09/11/2017  11:02AM,
35.035862000000,-89.81322999999998,va,3707310,1709000511SH,75XX Shelby Cross Cir,Vandalism/Misdemeanor,,,09/15/2017   5:30AM,
35.035893000000,-89.83585199999999,va,3738784,1711002593ME,68XX Meadow Chase Ln,Vandalism/Misdemeanor,924,Ridgeway,11/05/2017   4:47PM,
35.036087000000,-89.79694000000000,th,3720373,1710000189SH,80XX Lowrance Rd,Theft From Motor Vehicle,,,10/05/2017  12:30PM,
35.036087000000,-89.79694000000000,th,3718461,1710000053SH,80XX Lowrance Rd,Theft From Motor Vehicle,,,10/02/2017   5:39PM,
35.036087000000,-89.79694000000000,th,3712803,1709000838SH,80XX Lowrance Rd,Theft From Motor Vehicle,,,09/23/2017  12:13PM,
35.036164370000,-89.80299151000000,bu,3710715,1709000696SH,78XX E Lake Cross Dr,Burglary/Residential,924,Ridgeway,09/19/2017   8:09PM,
35.036322700000,-89.81270999999998,ot,3748142,1711000853SH,75XX Shelby Cross Cir,Disorderly Conduct,,,11/21/2017   7:30PM,1
35.036686000000,-89.79815500000001,th,3706093,1709000434SH,40XX Stansell Cv,Theft From Motor Vehicle,329,Mt. Moriah,09/13/2017   6:54AM,
35.036705500000,-89.82113307000000,ot,3714142,1709013845ME,72XX Barnstable Rd,Intimidation/Dv,924,Ridgeway,09/25/2017   6:26PM,
35.036812302047,-89.83579596710000,th,3716745,1709015095ME,41XX Ridge Dr,Theft From Motor Vehicle,924,Ridgeway,09/27/2017   7:01PM,
35.037008000000,-89.79753800000003,ot,3717597,1709001144SH,40XX Stansell Cv,Theft of Vehicle Parts/Accessories,,,10/01/2017   9:32AM,
35.037017000000,-89.83231800000000,aa,3723895,1710005730ME,Riverdale & Meadow Ridge Trail,Aggravated Assault,924,Ridgeway,10/11/2017   2:56PM,
35.037181069734,-89.83501795560000,th,3743577,1711006863ME,68XX Club Ridge Cir,Theft From Motor Vehicle,924,Ridgeway,11/13/2017   6:52PM,
35.037413365484,-89.83236509240000,ot,3718441,1710000774ME,68XX Club Ridge Circle,Theft of Vehicle Parts/Accessories,924,Ridgeway,10/02/2017   3:41PM,
35.037631200000,-89.83339480000001,th,3743176,1711006593ME,69XX Red Oak Dr,Theft From Motor Vehicle,924,Ridgeway,11/13/2017  10:55AM,
35.037697590000,-89.83471847000000,th,3747378,1711010164ME,68XX Club Ridge,Theft From Motor Vehicle,924,Ridgeway,11/20/2017   8:39AM,
35.037697590000,-89.81727878000000,bu,3722002,1710004007ME,40XX Mintane,Burglary/Residential,924,Ridgeway,10/08/2017  11:53AM,
35.037750000000,-89.82993799999997,th,3712770,1709012561ME,40XX Bordeaux Ridge Cv S,Theft From Motor Vehicle,924,Ridgeway,09/23/2017   7:47AM,
35.037835600000,-89.83395840000000,th,3740367,1711004040ME,68XX Club Ridge Circle,Theft From Motor Vehicle,924,Ridgeway,11/08/2017  10:46AM,
35.037840200000,-89.83490200000000,va,3746170,1711009306ME,68XX Club Ridge Circle,Vandalism/Misdemeanor,924,Ridgeway,11/17/2017  11:11PM,
35.037905500000,-89.83437090000001,va,3740925,1711004529ME,68XX Club Ridge Cir,Vandalism/Misdemeanor,924,Ridgeway,11/09/2017   4:58AM,
35.038003000000,-89.81286399999999,ot,3752701,1711001186SH,40XX Powder Mill Cv,Theft of Vehicle Parts/Accessories,,,11/30/2017   1:06PM,
35.038058350000,-89.83421541000000,th,3741756,1711005310ME,68XX Club Ridge,Theft From Motor Vehicle,924,Ridgeway,11/10/2017  10:54AM,
35.038058350000,-89.82483438000000,bu,3747370,1711010273ME,40XX S Germantown Rd,Burglary/Residential,924,Ridgeway,11/20/2017  12:19PM,
35.038186944337,-89.84090921270000,ot,3729683,1710010168ME,66XX Winding Birch Dr,Doa/Natural,924,Ridgeway,10/19/2017   3:15PM,
35.038219100000,-89.83296589999997,th,3712197,1709012111ME,69XX Red Oak Circle,Theft From Motor Vehicle,924,Ridgeway,09/22/2017   1:09PM,
35.038518402048,-89.83438637480000,ot,3747882,1711010782ME,68XX Club Ln,Intimidation/Dv,924,Ridgeway,11/21/2017  11:31AM,
35.038518402048,-89.83438637480000,th,3713326,1709013139ME,68XX Club Ln,Theft From Motor Vehicle,924,Ridgeway,09/24/2017  11:23AM,
35.038720564354,-89.83357366040000,va,3716770,1709016122ME,68XX Club Ln,Vandalism/Misdemeanor,924,Ridgeway,09/29/2017   3:32PM,
35.038730750322,-89.83436640760000,we,3747517,1711000795SH,68XX Club Ln,Weapon Law Violations/Felony + Drugs/Narcotics Violation/Felony,924,Ridgeway,11/20/2017   1:38PM,1
35.038730750322,-89.83436640760000,va,3709552,1709009680ME,68XX Club Ln,Vandalism/Misdemeanor,924,Ridgeway,09/18/2017   8:23PM,
35.038871000000,-89.81054799999998,th,3725318,1710000541SH,75XX Roundleaf Dr,Theft From Motor Vehicle,,,10/13/2017   4:11PM,
35.038960260000,-89.79121092000000,th,3708839,1709008972ME,81XX Green Belt Dr,Theft From Motor Vehicle,926,Ridgeway,09/17/2017   2:42PM,
35.038982700000,-89.83301949999998,th,3741661,1711005252ME,69XX Stoneridge Dr,Theft From Motor Vehicle,924,Ridgeway,11/10/2017   8:00AM,
35.039145400000,-89.83299490000002,th,3712059,1709011908ME,69XX Stone Ridge Dr,Theft From Motor Vehicle,924,Ridgeway,09/22/2017   6:31AM,
35.039321020000,-89.84118544000000,aa,3753578,1712000446ME,40XX Country Birch Cv,Aggravated Assault/Dv,924,Ridgeway,12/01/2017   8:39PM,1
35.039390000000,-89.80345699999998,aa,3735950,1710001379SH,78XX Shadowland Cv,Aggravated Assault,,,11/01/2017   5:35AM,
35.039930800000,-89.83293379999998,va,3738971,1711002773ME,69XX Stone Ridge Dr,Vandalism/Misdemeanor,924,Ridgeway,11/06/2017   2:00AM,
35.039930800000,-89.83293379999998,ot,3736271,1711000431ME,69XX Stone Ridge Dr,Theft of Vehicle Parts/Accessories,924,Ridgeway,11/01/2017   5:44PM,
35.040097200000,-89.83185040000001,th,3752656,1711014919ME,69XX Stone Ridge Dr,Theft From Motor Vehicle,924,Ridgeway,11/30/2017   9:52AM,
35.040123800000,-89.83204039999998,ot,3723102,1710004945ME,69XX Stone Ridge,Theft of Vehicle Parts/Accessories,924,Ridgeway,10/10/2017   5:14AM,
35.040167201576,-89.83253606960000,th,3750548,1711013116ME,69XX Stone Ridge Dr,Theft From Motor Vehicle,924,Ridgeway,11/27/2017   8:17AM,
35.040313130000,-89.82175530000000,bu,3736576,1711000429ME,72XX Germanshire Rd,Burglary/Residential,924,Ridgeway,11/01/2017   5:45PM,
35.040402559083,-89.82430881770000,th,3708166,1709008470ME,39XX S Germantown Rd,Theft From Motor Vehicle,924,Ridgeway,09/16/2017   1:39PM,
35.040440857278,-89.82410398000000,aa,3749654,1711012165ME,39XX S Germantown Rd,Aggravated Assault,924,Ridgeway,11/24/2017   7:11PM,1
35.040440857278,-89.82410398000000,bu,3746492,1711009535ME,39XX S Germantown Rd,Burglary/Residential,924,Ridgeway,11/18/2017   3:05PM,
35.040673000000,-89.80927100000000,va,3734963,1710001290SH,39XX Summer Breeze Cv,Vandalism/Misdemeanor,226,Raines,10/30/2017  12:38PM,
35.040798000000,-89.76713620000000,th,3704626,1709000352SH,39XX Torrey Pines Cir,Theft From Motor Vehicle,226,Raines,09/11/2017   5:26AM,
35.041340400000,-89.76726080000000,th,3719493,1710000119SH,39XX Torrey Pines Cir,Theft From Motor Vehicle,226,Raines,10/04/2017  10:18AM,
35.041481354337,-89.83304996600000,bu,3724422,1710006198ME,39XX Innsbrook Dr,Burglary/Non-Residential,924,Ridgeway,10/12/2017  12:16PM,
35.041678000000,-89.79743660000000,sa,3721716,1710000309SH,39XX Tamarron Cir,Simple Assault + Vandalism/Misdemeanor,2,0,10/07/2017   7:52PM,
35.041745000000,-89.83773400000001,va,3750530,1711013090ME,43XX Eastwind Rd,Vandalism/Misdemeanor,924,Ridgeway,11/27/2017   6:59AM,
35.042101590000,-89.79605255000000,th,3739187,1711000205SH,38XX Hacks Cross Rd,Theft From Motor Vehicle,,,11/06/2017   1:39PM,
35.042101590000,-89.79605255000000,ot,3705160,1709000394SH,38XX Hacks Cross Rd,False Pretenses/Swindle/Confidence Game,,,09/11/2017   8:18PM,
35.042117000000,-89.83636744000000,ot,3712945,1709012775ME,39XX Lucerne,Credit Card/Atm Fraud,924,Ridgeway,09/23/2017   4:58PM,
35.042207190000,-89.81688229000000,va,3721442,1710003484ME,73XX Eggleston,Vandalism/Misdemeanor,924,Ridgeway,10/07/2017   3:09AM,
35.042207190000,-89.81688229000000,we,3710976,1709010841ME,73XX Eggleston Rd,Weapon Law Violations/Felony + Drug Equipment Violation,924,Ridgeway,09/20/2017   2:19PM,
35.042285100000,-89.82171460000000,ot,3719911,1710002149ME,72XX Eggleston,Doa/Natural,924,Ridgeway,10/04/2017   7:29PM,
35.042297380000,-89.76749276000000,th,3719658,1710000123SH,39XX Torrey Pines Dr,Theft From Motor Vehicle,999,Ridgeway,10/04/2017  11:00AM,1
35.042352000000,-89.79943270000001,va,3710993,1709000738SH,38XX Tamarron Cir,Vandalism/Misdemeanor,002,,09/20/2017   7:20PM,
35.042658160000,-89.81943654000000,aa,3747084,1711010051ME,73XX Eggleston Rd,Aggravated Assault,924,Ridgeway,11/19/2017  10:44PM,
35.042680895605,-89.79625036720000,th,3705676,1709000425SH,38XX Hacks Cross Rd,Theft From Motor Vehicle,,,09/12/2017   5:47PM,
35.043053100000,-89.79904799999997,ot,3736719,1711000772ME,41XX Ward Ave,Theft of Vehicle Parts/Accessories,525,Tillman,11/02/2017   8:41AM,
35.043102900000,-89.76774650000004,ot,3724621,1710000506SH,38XX Mission Hills,False Pretenses/Swindle/Confidence Game,,,10/12/2017   5:48PM,
35.043102900000,-89.76774650000004,ot,3718972,1710000079SH,38XX Mission Hills,Other Larceny/Access Device,,,10/03/2017  10:49AM,
35.043379720000,-89.76738848000000,th,3744001,1711000524SH,88XX Old Waverly Rd,Theft From Motor Vehicle,926,Ridgeway,11/14/2017   8:45AM,
35.043446100000,-89.79897510000000,bu,3714623,1709014211ME,30XX Inverness Pkwy Dr,Burglary/Residential,226,Raines,09/26/2017  11:31AM,
35.043774700000,-89.79273350000000,va,3721067,1710003162ME,42XX Misty Oak,Vandalism/Misdemeanor,926,Ridgeway,10/06/2017   1:58PM,
35.043830690000,-89.83932792000000,th,3730118,1710011231ME,38XX Ross Rd,Theft From Motor Vehicle,924,Ridgeway,10/21/2017   6:27PM,
35.044071791731,-89.79806774730000,th,3747437,1711000764SH,79XX Centennial Dr,Theft From Motor Vehicle,002,,11/20/2017   7:51AM,
35.044071791731,-89.79806774730000,va,3734434,1710001261SH,37XX Peregrine Ln,Vandalism/Misdemeanor,002,,10/29/2017   5:42PM,
35.044071791731,-89.79806774730000,va,3729977,1710000913SH,79XX Centennial Dr,Vandalism/Misdemeanor,002,,10/21/2017  11:46AM,
35.044071791731,-89.79806774730000,th,3725209,1710000531SH,79XX Centennial Dr,Theft From Motor Vehicle,002,,10/13/2017  10:53AM,
35.044071791731,-89.79806774730000,th,3725126,1710000528SH,79XX Centennial Dr,Theft From Motor Vehicle,002,,10/13/2017   8:44AM,
35.044071791731,-89.79806774730000,th,3714224,1709000933SH,79XX Centennial Dr,Theft From Motor Vehicle,002,,09/25/2017   8:45PM,
35.044071791731,-89.79806774730000,th,3707493,1709000523SH,79XX Centennial Dr,Theft From Motor Vehicle,002,,09/15/2017  10:45AM,
35.044101280000,-89.83775572000000,bu,3754800,1712001574ME,38XX Lawrenceton Cv,Burglary/Residential,924,Ridgeway,12/04/2017   1:00PM,
35.044121000000,-89.79352300000000,aa,3713255,1709013058ME,80XX Misty Meadows Ln,Aggravated Assault,926,Ridgeway,09/24/2017   6:11AM,
35.044228503246,-89.79729286900000,ot,3729615,1710000877SH,79XX Centennial Dr,Other Larceny/Access Device,,,10/20/2017   4:18PM,
35.044271100000,-89.83520200000000,bu,3723677,1710005184ME,38XX Brandywine Cv,Burglary/Residential,924,Ridgeway,10/10/2017  12:34PM,
35.044395431625,-89.76740390950000,ot,3755515,1712000152SH,38XX Mission Hills Dr,Trespass of Real Property,,,12/05/2017   9:51AM,
35.044539400000,-89.83131709999998,ot,3718522,1710000721ME,38XX Riverdale,False Pretenses/Swindle/Confidence Game,924,Ridgeway,10/02/2017   2:50PM,
35.044539400000,-89.83131709999998,ot,3717362,1709016608ME,38XX Riverdale,False Pretenses/Swindle/Confidence Game,924,Ridgeway,09/30/2017   3:11PM,
35.044630000000,-89.79665000000000,th,3754809,1712000114SH,38XX Hacks Cross Rd,Theft From Motor Vehicle,926,RIDGE,12/04/2017  12:21PM,
35.044641000000,-89.79664470000000,sa,3719794,1710000142SH,38XX Hacks Cross Rd,Simple Assault + Vandalism/Misdemeanor,,,10/04/2017   3:33PM,
35.044826900000,-89.76457670000002,th,3743205,1711000459SH,89XX Red Osier Dr,Theft From Motor Vehicle,,,11/13/2017   7:50AM,
35.044862000000,-89.80030760000000,va,3729294,1710000834SH,77XX Capital Peak Ln West,Vandalism/Felony,226,Raines,10/20/2017   4:37AM,
35.044862000000,-89.80030760000000,th,3713724,1709000894SH,77XX Capitol Peak Ln,Theft From Motor Vehicle,226,Raines,09/25/2017   7:25AM,
35.044864979836,-89.81666271460000,bu,3711749,1709011739ME,38XX Gwyllim Cv,Burglary/Residential,924,Ridgeway,09/21/2017   8:39PM,
35.044913040000,-89.76684589000000,va,3704685,1709005256ME,37XX Old Waverly Cv,Vandalism/Misdemeanor,926,Ridgeway,09/11/2017   8:04AM,
35.044957300000,-89.76601590000000,ot,3728876,1710000809SH,37XX Falling Acorn,Other Theft/Non-Specific,226,Raines,10/19/2017   4:53PM,
35.044957400000,-89.76601590000001,th,3743210,1711000472SH,37XX Falling Acorn Ln,Theft From Motor Vehicle,,,11/13/2017  10:09AM,
35.044957400000,-89.76601590000001,bu,3723905,1710000469SH,37XX Falling Acorn Ln,Burglary/Residential,,,10/11/2017   2:22PM,
35.045183630000,-89.81663306000000,va,3745825,1711008945ME,38XX Gwyllim Cv,Vandalism/Misdemeanor,924,Ridgeway,11/17/2017   9:39AM,
35.045183630000,-89.81663306000000,sa,3745844,1711008881ME,38XX Gwyllim Cv,Simple Assault/Dv + Vandalism/Misdemeanor,924,Ridgeway,11/17/2017   7:37AM,
35.045183630000,-89.81663306000000,va,3704809,1709005397ME,38XX Gwyllim Cv,Vandalism/Misdemeanor,924,Ridgeway,09/11/2017  12:53PM,1
35.045499700000,-89.76531280000000,th,3743206,1711000463SH,37XX Falling Acorn Ln,Theft From Motor Vehicle,,,11/13/2017   8:18AM,
35.045499700000,-89.76531280000000,th,3743224,1711000455SH,37XX Falling Acorn,Theft From Motor Vehicle,226,Raines,11/13/2017   6:47AM,
35.045597600000,-89.76407730000000,bu,3723298,1710000400SH,38XX Skipping Stone,Burglary/Residential,226,Raines,10/10/2017   1:35PM,
35.045597600000,-89.76407730000000,bu,3723299,1710000399SH,34XX Skipping Stone,Burglary/Residential,226,Raines,10/10/2017   1:08PM,
35.045617100000,-89.79538900000000,th,3733776,1710014558ME,37XX Hacks Cross Rd,Theft From Motor Vehicle,926,Ridgeway,10/28/2017  12:25AM,
35.045657759138,-89.79756425090000,va,3703985,1709004666ME,37XX Hacks Cross Rd,Vandalism/Misdemeanor,926,Ridgeway,09/09/2017   6:16PM,
35.045724000000,-89.79289700000000,va,3727704,1710009170ME,37XX Misty Oak,Vandalism/Misdemeanor,926,Ridgeway,10/17/2017   7:37PM,
35.045865000000,-89.82778000000002,ot,3712673,1709012275ME,70XX Malco Xing,Embezzlement,924,Ridgeway,09/22/2017   6:12PM,1
35.045865000000,-89.82778000000002,ot,3708517,1709008673ME,70XX Malco Crossing,Intimidation/Dv,924,Ridgeway,09/16/2017  11:40PM,
35.045995400000,-89.80304708000000,ot,3729983,1710000847SH,77XX Capital Peak Ln,Other Theft/Non-Specific,926,Ridgeway,10/20/2017  10:42AM,
35.045995400000,-89.80304708000000,bu,3717601,1709001140SH,77XX Capital Peak Ln,Burglary/Residential,926,Ridgeway,10/01/2017   7:08AM,
35.045995400000,-89.79027012000000,aa,3722007,1710004034ME,37XX Wind Valley Dr,Aggravated Assault/Dv + Simple Assault,926,Ridgeway,10/08/2017   1:12PM,
35.045995400000,-89.79027012000000,aa,3708973,1709009177ME,37XX Wind Valley Dr,Aggravated Assault,926,Ridgeway,09/18/2017   1:44AM,
35.046097200000,-89.76559929999996,ot,3713376,1709000863SH,37XX Falling Acorn,Attempted Suicide,,,09/24/2017  11:48AM,
35.046245900000,-89.79507600000000,th,3739901,1711003593ME,37XX Hackscross Rd,Theft From Motor Vehicle,926,Ridgeway,11/07/2017   1:55PM,
35.046265990000,-89.82208360000000,aa,3752914,1711015183ME,72XX Isherwood St,Aggravated Assault/Dv,924,Ridgeway,11/30/2017   6:00PM,1
35.046324000000,-89.79713500000003,va,3755912,1712002536ME,37XX Hacks Cross Rd,Vandalism/Misdemeanor,926,Ridgeway,12/06/2017   6:44AM,
35.046324000000,-89.79713500000003,va,3753918,1712000723ME,37XX Hacks Cross Rd,Vandalism/Misdemeanor,926,Ridgeway,12/02/2017   3:02PM,
35.046324000000,-89.79713500000003,va,3744836,1711008075ME,37XX Hackscross Rd,Vandalism/Misdemeanor,926,Ridgeway,11/15/2017   8:08PM,
35.046324000000,-89.79713500000003,va,3742819,1711006284ME,37XX Hackscross Rd,Vandalism/Misdemeanor,926,Ridgeway,11/12/2017   5:06PM,
35.046324000000,-89.79713500000003,bu,3741592,1711005158ME,37XX Hacks Cross Rd,Burglary/Business,926,Ridgeway,11/10/2017   1:20AM,
35.046324000000,-89.79713500000003,ot,3739462,1711003199ME,37XX Hackscross Rd,Kidnapping/Abduction,926,Ridgeway,11/06/2017   9:03PM,1
35.046324000000,-89.79713500000003,th,3734601,1710015147ME,37XX Hacks Cross Rd,Theft From Motor Vehicle,926,Ridgeway,10/29/2017   5:54PM,
35.046324000000,-89.79713500000003,th,3728168,1710008967ME,37XX Hacks Cross Rd,Theft From Motor Vehicle,926,Ridgeway,10/17/2017   2:30PM,
35.046324000000,-89.79713500000003,th,3725935,1710007559ME,37XX Hacks Cross Rd,Theft From Motor Vehicle,926,Ridgeway,10/14/2017   7:49PM,
35.046324000000,-89.79713500000003,th,3720660,1710002606ME,37XX Hacks Cross Rd,Theft From Motor Vehicle,926,Ridgeway,10/05/2017   3:13PM,
35.046324000000,-89.79713500000003,th,3717361,1709016607ME,37XX Hacks Cross Rd,Theft From Motor Vehicle,926,Ridgeway,09/30/2017   3:12PM,
35.046324000000,-89.79713500000003,th,3714732,1709013808ME,37XX Hacks Cross Rd,Theft From Motor Vehicle,926,Ridgeway,09/25/2017   5:42PM,
35.046324000000,-89.79713500000003,va,3712866,1709012741ME,37XX Hackscross Rd,Vandalism/Misdemeanor,926,Ridgeway,09/23/2017   3:58PM,
35.046324000000,-89.79713500000003,th,3711595,1709010997ME,37XX Hacks Cross,Theft From Motor Vehicle,926,Ridgeway,09/20/2017   6:46PM,
35.046446380000,-89.78743226000000,bu,3750661,1711013237ME,37XX Windyke Dr,Burglary/Residential,926,Ridgeway,11/27/2017   1:29PM,
35.046925247998,-89.78917066690000,ot,3709766,1709009864ME,37XX Clubview Dr,Doa/Natural,926,Ridgeway,09/19/2017   6:45AM,
35.046979720156,-89.79533991670000,va,3743406,1711006781ME,37XX Hacks Cross Rd,Vandalism/Misdemeanor,926,Ridgeway,11/13/2017   4:15PM,
35.047075000000,-89.80086299999999,th,3743278,1711000476SH,78XX Winchester Rd,Theft From Motor Vehicle,926,Ridgeway,11/13/2017  10:48AM,
35.047075000000,-89.80086299999999,ot,3722662,1710000344SH,78XX Winchester Rd,Theft From Semi-Trailer,926,Ridgeway,10/09/2017  10:59AM,
35.047077760000,-89.79298480000000,ot,3726762,1710008168ME,37XX Misty Oak Dr,Intimidation,926,Ridgeway,10/16/2017  10:05AM,
35.047077760000,-89.79298480000000,aa,3708560,1709008758ME,37XX Misty Oak,Aggravated Assault + Vandalism/Misdemeanor,926,Ridgeway,09/17/2017   5:15AM,1
35.047097900000,-89.76477319999998,th,3743209,1711000458SH,37XX Round Rock Cv,Theft From Motor Vehicle,926,Ridgeway,11/13/2017   7:39AM,
35.047097900000,-89.76477319999998,th,3743226,1711000456SH,37XX Round Rock Cv,Theft From Motor Vehicle,926,Ridgeway,11/13/2017   7:12AM,
35.047100000000,-89.79393099999999,th,3732932,1710013418ME,80XX Winchester Rd,Theft From Motor Vehicle,926,Ridgeway,10/25/2017   8:05PM,
35.047104600000,-89.76504000000000,th,3743211,1711000473SH,37XX Round Rock Cv,Theft From Motor Vehicle,,,11/13/2017  10:12AM,
35.047104600000,-89.76504000000000,th,3743343,1711000470SH,37XX Round Rock Cv,Theft From Motor Vehicle,,,11/13/2017   9:43AM,
35.047139000000,-89.80691600000000,sh,3709763,1709000616SH,76XX Winchester Rd,Shoplifting/Misdemeanor + False Pretenses/Swindle/Confidence Game + Shoplifting/Misdemeanor,,,09/18/2017  12:21PM,1
35.047169500000,-89.83028000000002,th,3745738,1711008820ME,37XX Malco Crossing,Theft From Motor Vehicle,924,Ridgeway,11/17/2017   2:34AM,
35.047249792644,-89.82923667570000,bu,3738635,1711002492ME,70XX Malco Crossing,Burglary/Business,924,Ridgeway,11/05/2017  11:32AM,
35.047509980000,-89.78905634000000,th,3719429,1710001702ME,37XX Clubview Dr,Theft From Motor Vehicle,926,Ridgeway,10/04/2017   2:27AM,1
35.047510000000,-89.82884200000001,ot,3713858,1709013607ME,70XX Malco Crossing,Theft of Vehicle Parts/Accessories,924,Ridgeway,09/25/2017  12:16PM,
35.047528750000,-89.82967644000000,ot,3724434,1710006185ME,37XX Riverdale Rd,Other Theft/Non-Specific,924,Ridgeway,10/12/2017  11:44AM,
35.047640000000,-89.81103400000000,ot,3745212,1711008401ME,75XX Winchester,Theft of Vehicle Parts/Accessories,924,Ridgeway,11/16/2017  12:05PM,
35.047640000000,-89.81103400000000,th,3708406,1709008661ME,75XX Winchester,Theft From Motor Vehicle,924,Ridgeway,09/16/2017  10:23PM,
35.047640000000,-89.81103400000000,sa,3706894,1709007120ME,75XX Winchester,Simple Assault/Dv + Vandalism/Misdemeanor,924,Ridgeway,09/14/2017   9:04AM,
35.047672000000,-89.82217700000001,bu,3756082,1712002730ME,36XX S Germantown Rd,Burglary/Non-Residential,924,Ridgeway,12/06/2017  12:55PM,
35.047672000000,-89.82217700000001,bu,3732209,1710013142ME,36XX S Germantown Rd,Burglary/Non-Residential,924,Ridgeway,10/25/2017  11:56AM,
35.047763000000,-89.82801999999998,aa,3753692,1712000548ME,37XX Malco Way,Aggravated Assault + Weapon Law Violations/Misdemeanor + Aggravated Assault,924,Ridgeway,12/02/2017   2:37AM,1
35.047763000000,-89.82801999999998,th,3750006,1711012700ME,37XX Malco Way,Theft From Motor Vehicle,924,Ridgeway,11/26/2017   2:47AM,
35.047763000000,-89.82801999999998,th,3746621,1711009685ME,37XX Malco Way,Theft From Motor Vehicle,924,Ridgeway,11/18/2017  11:05PM,
35.047763000000,-89.82801999999998,th,3745770,1711008849ME,37XX Malco Way,Theft From Motor Vehicle,924,Ridgeway,11/17/2017   4:51AM,
35.047763000000,-89.82801999999998,th,3740920,1711004485ME,37XX Malco Way,Theft From Motor Vehicle,924,Ridgeway,11/09/2017   2:43AM,
35.047763000000,-89.82801999999998,aa,3734289,1710014995ME,37XX Malco Way,Aggravated Assault,924,Ridgeway,10/29/2017   8:20AM,
35.047763000000,-89.82801999999998,aa,3735959,1710014966ME,37XX Malco Way,Aggravated Assault,924,Ridgeway,10/29/2017   4:10AM,
35.047763000000,-89.82801999999998,aa,3730117,1710011269ME,37XX Malco Way,Aggravated Assault,924,Ridgeway,10/21/2017   8:43PM,1
35.047763000000,-89.82801999999998,th,3713580,1709013352ME,37XX Malco Way,Theft From Motor Vehicle,924,Ridgeway,09/24/2017  10:01PM,
35.047763000000,-89.82801999999998,va,3712072,1709011821ME,37XX Malco Way,Vandalism/Felony,924,Ridgeway,09/22/2017   1:11AM,
35.047859707716,-89.80118857940000,th,3739323,1711000225SH,78XX Winchester,Theft From Motor Vehicle,,,11/06/2017   5:53PM,
35.047863600000,-89.82813580000000,th,3750908,1711013491ME,37XX Malcon Way,Theft From Motor Vehicle,924,Ridgeway,11/27/2017   8:57PM,
35.047936644730,-89.82315054940000,bu,3755103,1712001742ME,36XX S Germantown Rd,Burglary/Non-Residential,924,Ridgeway,12/04/2017   6:05PM,
35.047936644730,-89.82315054940000,bu,3754812,1712001577ME,36XX Germantown Rd,Burglary/Non-Residential,924,Ridgeway,12/04/2017   1:13PM,
35.047936644730,-89.82315054940000,bu,3731586,1710012605ME,36XX S Germantown Rd,Burglary/Non-Residential,924,Ridgeway,10/24/2017   1:32PM,
35.047936644730,-89.82315054940000,bu,3728340,1710009685ME,36XX S Germantown Rd,Burglary/Non-Residential,924,Ridgeway,10/18/2017   6:09PM,
35.047936644730,-89.82315054940000,bu,3717166,1709016498ME,36XX S Germantown Rd,Burglary/Non-Residential,924,Ridgeway,09/30/2017  10:15AM,
35.048012000000,-89.82014199999997,th,3711492,1709010751ME,72XX Winchester,Theft From Motor Vehicle + Theft of Vehicle Parts/Accessories,924,Ridgeway,09/20/2017  12:18PM,
35.048099472872,-89.79790014840000,th,3756187,1712000214SH,79XX Winchester Rd,Theft From Motor Vehicle,926,Ridgeway,12/06/2017  11:49AM,
35.048237940000,-89.78345790000000,dr,3747129,1711000759SH,84XX Winchester Rd,Drugs/Narcotics Violation/Felony,926,Ridgeway,11/20/2017   4:05AM,1
35.048265000000,-89.82554740000000,th,3724930,1710006635ME,71XX Winchester,Theft From Motor Vehicle,924,Ridgeway,10/13/2017   2:16AM,1
35.048360511769,-89.80306773410000,ot,3724938,1710006605ME,78XX Winchester,Theft of Vehicle Parts/Accessories,926,Ridgeway,10/13/2017  12:53AM,
35.048375688942,-89.82394704860000,ot,3751642,1711014147ME,71XX Winchester Rd,Intimidation,924,Ridgeway,11/28/2017  10:53PM,
35.048375688942,-89.82394704860000,aa,3728603,1710009999ME,71XX Winchester Rd,Aggravated Assault,924,Ridgeway,10/19/2017   9:23AM,
35.048375688942,-89.82394704860000,ot,3716209,1709015673ME,71XX Winchester Rd,Intimidation,924,Ridgeway,09/28/2017   6:52PM,
35.048392748582,-89.82948431210000,ot,3706062,1709006547ME,36XX Riverdale Rd,Intimidation,924,Ridgeway,09/13/2017  11:16AM,
35.048462750434,-89.79736114950000,ot,3729382,1710010537ME,79XX Winchester Rd,Credit Card/Atm Fraud,926,Ridgeway,10/20/2017   9:05AM,
35.048597500000,-89.81350499999996,va,3750254,1711012915ME,74XX Winchester Rd,Vandalism/Misdemeanor,924,Ridgeway,11/26/2017   6:39PM,
35.048597500000,-89.81350499999996,th,3749316,1711012052ME,74XX Winchester Rd,Theft From Motor Vehicle,924,Ridgeway,11/24/2017   2:21PM,
35.048611140000,-89.82819592000000,ot,3747499,1711010393ME,70XX Winchester St,Violation of Protection Order,924,Ridgeway,11/20/2017   3:57PM,
35.048632000000,-89.81404800000001,th,3730859,1710011770ME,74XX Winchester Rd,Theft From Motor Vehicle,924,Ridgeway,10/23/2017   7:57AM,
35.048632000000,-89.81404800000001,ot,3729031,1710010275ME,74XX Winchester Rd,Other Theft/Non-Specific + Other Theft/Non-Specific,924,Ridgeway,10/19/2017   6:31PM,
35.048632000000,-89.81404800000001,th,3720402,1710002588ME,74XX Winchester,Theft From Motor Vehicle,924,Ridgeway,10/05/2017   1:42PM,
35.048798000000,-89.83052199999997,aa,3708065,1709007632ME,69XX Winchester,Aggravated Assault,924,Ridgeway,09/15/2017  12:20AM,
35.048869844455,-89.79607432260000,ot,3749009,1711011799ME,80XX Winchester Rd,Intimidation,926,Ridgeway,11/23/2017   5:50PM,
35.048887701607,-89.83562610310000,va,3730777,1710011858ME,68XX Winchester Rd,Vandalism/Felony,924,Ridgeway,10/23/2017  11:06AM,
35.048893623795,-89.81989285970000,th,3756717,1712003229ME,72XX Winchester Rd,Theft From Motor Vehicle,924,Ridgeway,12/07/2017   9:20AM,
35.048959051121,-89.80584418720000,dr,3733359,1710014067ME,77XX Winchester Rd,Drugs/Narcotics Violation/Misdemeanor,926,Ridgeway,10/27/2017  12:23AM,
35.048959051121,-89.80584418720000,ot,3724982,1710006663ME,77XX Winchester Rd,Counterfeiting/Forgery,926,Ridgeway,10/13/2017   4:27AM,1
35.048970000000,-89.82505000000000,ot,3747529,1711010368ME,71XX Winchester Rd,Counterfeiting/Forgery,924,Ridgeway,11/20/2017   3:03PM,
35.048970000000,-89.82505000000000,ot,3736038,1711000120ME,71XX Winchester Rd,Counterfeiting/Forgery,924,Ridgeway,11/01/2017   9:23AM,
35.048983174795,-89.82710461120000,aa,3748987,1711000908SH,71XX Winchester Rd,Aggravated Assault,924,Ridgeway,11/23/2017  10:39AM,1
35.048983174795,-89.82710461120000,th,3733755,1710013858ME,71XX Winchester Rd,Theft From Motor Vehicle,924,Ridgeway,10/26/2017   4:43PM,
35.049003000000,-89.82552840000000,va,3717539,1709016581ME,71XX Winchester,Vandalism/Misdemeanor,925,Ridgeway,09/30/2017   2:09PM,
35.049011800000,-89.80223330000001,ot,3747158,1711010065ME,78XX Winchester Rd,Driving Under the Influence,926,Ridgeway,11/20/2017   1:59AM,1
35.049011800000,-89.80223330000001,ot,3745847,1711007258ME,78XX Winchester Rd,False Pretenses/Swindle/Confidence Game,926,Ridgeway,11/14/2017   1:49PM,
35.049022159374,-89.82791924600000,sa,3756441,1712003069ME,70XX Winchester Rd,Simple Assault + Vandalism/Misdemeanor,924,Ridgeway,12/06/2017   9:53PM,
35.049030401576,-89.82090565740000,ot,3705562,1709006130ME,72XX Winchester,False Pretenses/Swindle/Confidence Game,924,Ridgeway,09/12/2017   4:18PM,1
35.049045570602,-89.82457548650000,ot,3736266,1711000382ME,71XX Winchester Rd,Credit Card/Atm Fraud,925,Ridgeway,11/01/2017   4:05PM,
35.049087006944,-89.80674289290000,ot,3746740,1711009719ME,77XX Winchester Rd,Counterfeiting/Forgery,926,Ridgeway,11/19/2017   1:50AM,
35.049169000000,-89.83001519999999,aa,3726954,1710008467ME,Riverdale Rd & Winchester Rd,Aggravated Assault/Dv,924,Ridgeway,10/16/2017   5:49PM,
35.049175700000,-89.82961929999999,ot,3714086,1709013735ME,70XX Winchester,Carjacking,925,Ridgeway,09/25/2017   3:35PM,
35.049183400000,-89.80676580000000,dr,3722396,1710000228SH,77XX Winchester,Drugs/Narcotics Violation/Felony + Drug Equipment Violation,926,Ridgeway,10/05/2017   7:54PM,1
35.049183400000,-89.80676580000000,ot,3710228,1709010227ME,77XX Winchester,Credit Card/Atm Fraud,926,Ridgeway,09/19/2017   5:13PM,
35.049183400000,-89.80676580000000,ot,3705278,1709005794ME,77XX Winchester,Counterfeiting/Forgery,926,Ridgeway,09/12/2017   2:36AM,
35.049200700000,-89.81967839999999,bu,3725950,1710007500ME,73XX Winchester,Burglary/Non-Residential,924,Ridgeway,10/14/2017   4:59PM,
35.049247240000,-89.82950948000000,aa,3747525,1711010482ME,70XX Winchester Rd,Aggravated Assault + Mvt/Passenger Vehicle,925,Ridgeway,11/20/2017   6:56PM,
35.049247240000,-89.82950948000000,ot,3724245,1710005349ME,70XX Winchester Rd,Credit Card/Atm Fraud,925,Ridgeway,10/10/2017   6:00PM,
35.049247240000,-89.82950948000000,ot,3714216,1709013886ME,70XX Winchester Rd,Intimidation,925,Ridgeway,09/25/2017   7:57PM,
35.049271600000,-89.80411579999998,va,3749115,1711000924SH,77XX Winchester,Vandalism/Felony,926,Ridgeway,11/24/2017   1:42AM,
35.049273210000,-89.80485359000000,ot,3707186,1709007561ME,77XX Winchester,False Pretenses/Swindle/Confidence Game,926,Ridgeway,09/14/2017   9:11PM,1
35.049307504799,-89.80515729630000,ot,3707188,1709007607ME,77XX Winchester Rd,False Pretenses/Swindle/Confidence Game,926,Ridgeway,09/14/2017  10:50PM,1
35.049362230000,-89.79535864000000,ot,3731916,1710012763ME,36XX Hacks Cross Rd,Credit Card/Atm Fraud,926,Ridgeway,10/24/2017   6:12PM,
35.049365103956,-89.82524112640000,ot,3752477,1711014032ME,71XX Winchester Rd,Intimidation,925,Ridgeway,11/28/2017   6:52PM,
35.049365103956,-89.82524112640000,va,3751136,1711013654ME,71XX Winchester Rd,Vandalism/Misdemeanor,925,Ridgeway,11/28/2017   6:01AM,
35.049365103956,-89.82524112640000,aa,3752467,1711012782ME,71XX Winchester Rd,Aggravated Assault,925,Ridgeway,11/26/2017  10:28AM,
35.049365103956,-89.82524112640000,ot,3741810,1711005271ME,71XX Winchester Rd,Theft of Vehicle Parts/Accessories,925,Ridgeway,11/10/2017   9:07AM,
35.049365103956,-89.82524112640000,th,3730573,1710011396ME,71XX Winchester Rd,Theft From Motor Vehicle,925,Ridgeway,10/22/2017   3:03AM,
35.049365103956,-89.82524112640000,ot,3721956,1710003952ME,71XX Winchester,Other Theft/Non-Specific,925,Ridgeway,10/08/2017   8:49AM,
35.049374110000,-89.80427675000000,ot,3753576,1712000431ME,77XX Winchester Rd,Theft of Vehicle Parts/Accessories,926,Ridgeway,12/01/2017   8:01PM,
35.049374110000,-89.80427675000000,va,3750308,1711012937ME,77XX Winchester Rd,Vandalism/Misdemeanor,926,Ridgeway,11/26/2017   7:33PM,
35.049374110000,-89.80427675000000,th,3749877,1711012589ME,77XX Winchester Rd,Theft From Motor Vehicle,926,Ridgeway,11/25/2017   7:27PM,
35.049394449932,-89.80445693570000,va,3754991,1712001785ME,77XX Winchester Rd,Vandalism/Misdemeanor,926,Ridgeway,12/04/2017   7:43PM,
35.049421593521,-89.80469735030000,va,3734208,1710014919ME,77XX Winchester Rd,Vandalism/Misdemeanor,926,Ridgeway,10/29/2017  12:14AM,
35.049422930000,-89.81975510000000,va,3749184,1711010787ME,72XX Winchester Rd,Vandalism/Misdemeanor,924,Ridgeway,11/21/2017  11:57AM,
35.049513130000,-89.82633552000000,bu,3746795,1711009837ME,71XX Winchester Rd,Burglary/Business,925,Ridgeway,11/19/2017  11:27AM,
35.049574000000,-89.83045190000001,th,3746622,1711009670ME,69XX Winchester Rd,Theft From Motor Vehicle,925,Ridgeway,11/18/2017  10:38PM,
35.049787579735,-89.82107871700000,ot,3736512,1711000444ME,73XX Winchester Rd,Theft of Vehicle Parts/Accessories,925,Ridgeway,11/01/2017   6:01PM,
35.049787579735,-89.82107871700000,th,3727430,1710008793ME,73XX Winchester Rd,Theft From Motor Vehicle,925,Ridgeway,10/17/2017   9:39AM,
35.049793527889,-89.81198184460000,va,3742956,1711006330ME,75XX Winchester Rd,Vandalism/Misdemeanor,924,Ridgeway,11/12/2017   7:16PM,
35.049963185897,-89.79575814530000,ot,3710801,1709010677ME,35XX Hacks Cross Rd,Other Larceny/Access Device,926,Ridgeway,09/20/2017  10:13AM,
35.049966041425,-89.77424094020000,bu,3718031,1710000483ME,87XX W Trail Lake Dr,Burglary/Business,926,Ridgeway,10/02/2017   7:56AM,
35.049997700000,-89.82989900000001,th,3714949,1709014519ME,36XX Riverdale,Theft From Motor Vehicle,925,Ridgeway,09/26/2017   7:45PM,
35.050241800000,-89.80659150000000,ot,3754937,1712001719ME,9XX Eyes Rd,Intimidation/Dv,926,Ridgeway,12/04/2017   5:45PM,
35.050298380000,-89.81264333000000,ot,3752431,1711014722ME,75XX Winchester Rd,Credit Card/Atm Fraud,924,Ridgeway,11/29/2017  11:10PM,
35.050298380000,-89.81264333000000,th,3749117,1711011881ME,75XX Winchester Rd,Theft From Motor Vehicle,924,Ridgeway,11/24/2017   1:19AM,
35.050298380000,-89.81264333000000,th,3743871,1711007185ME,75XX Winchester Rd,Theft From Motor Vehicle,924,Ridgeway,11/14/2017  12:02PM,
35.050298380000,-89.81264333000000,ot,3741601,1711005132ME,75XX Winchester Rd,Theft of Vehicle Parts/Accessories,924,Ridgeway,11/10/2017  12:25AM,
35.050298380000,-89.81264333000000,ot,3738128,1711002085ME,75XX Winchester Rd,Theft of Vehicle Parts/Accessories,924,Ridgeway,11/04/2017   1:29PM,
35.050298380000,-89.81264333000000,ot,3731922,1710012891ME,75XX Winchester Rd,Drunkenness + Trespass of Real Property,924,Ridgeway,10/24/2017  10:12PM,1
35.050298380000,-89.81264333000000,ot,3731612,1710012430ME,75XX Winchester Rd,Other Theft/Non-Specific,924,Ridgeway,10/24/2017   8:49AM,
35.050298380000,-89.81264333000000,va,3722970,1710004818ME,75XX Winchester Rd,Vandalism/Misdemeanor,924,Ridgeway,10/09/2017   9:06PM,
35.050298380000,-89.81264333000000,ot,3722621,1710004577ME,75XX Winchester Rd,Credit Card/Atm Fraud,924,Ridgeway,10/09/2017   1:16PM,
35.050298380000,-89.81264333000000,ot,3722426,1710002609ME,75XX Winchester Rd,Credit Card/Atm Fraud,924,Ridgeway,10/05/2017   3:12PM,
35.050298380000,-89.81264333000000,ot,3719903,1710002121ME,75XX Winchester Rd,False Pretenses/Swindle/Confidence Game,924,Ridgeway,10/04/2017   6:50PM,
35.050595100000,-89.82978260000000,ot,3741664,1711005110ME,36XX Riverdale Rd,Driving Under the Influence,925,Ridgeway,11/09/2017  11:07PM,1
35.050595100000,-89.82978260000000,ot,3741658,1711005107ME,36XX Riverdale Rd,Driving Under the Influence,925,Ridgeway,11/09/2017  11:01PM,1
35.050604110990,-89.81251172080000,th,3747532,1711010369ME,75XX Winchester Rd,Theft From Motor Vehicle,925,Ridgeway,11/20/2017   3:07PM,
35.050604110990,-89.81251172080000,va,3712570,1709012294ME,75XX Winchester Rd,Vandalism/Misdemeanor,925,Ridgeway,09/22/2017   6:44PM,
35.050637000000,-89.82228700000002,bu,3725179,1710006830ME,72XX Riverdale Bend,Burglary/Non-Residential,925,Ridgeway,10/13/2017  11:37AM,
35.050637000000,-89.82228700000002,bu,3725085,1710006800ME,72XX Riverdale Bend,Burglary/Non-Residential,925,Ridgeway,10/13/2017  10:48AM,
35.050637000000,-89.82228700000002,bu,3713901,1709013656ME,72XX Riverdale Bend,Burglary/Non-Residential,925,Ridgeway,09/25/2017   1:16PM,
35.050637000000,-89.82228700000002,va,3713847,1709013640ME,72XX Riverdale Bend,Vandalism/Felony,925,Ridgeway,09/25/2017  12:53PM,
35.050637000000,-89.82228700000002,ot,3704815,1709005312ME,72XX Riverdale Bend,Theft of Vehicle Parts/Accessories,925,Ridgeway,09/11/2017  10:15AM,
35.050825108306,-89.82515340320000,th,3741574,1711005142ME,71XX Winchester Rd,Theft From Motor Vehicle,925,Ridgeway,11/10/2017  12:30AM,
35.050825108306,-89.82515340320000,va,3741526,1711005108ME,71XX Winchester Rd,Vandalism/Misdemeanor,925,Ridgeway,11/09/2017  10:58PM,
35.050825108306,-89.82515340320000,ot,3730095,1710011205ME,71XX Winchester Rd,False Pretenses/Swindle/Confidence Game,925,Ridgeway,10/21/2017   4:38PM,
35.050865097511,-89.81380459220000,ot,3718234,1709001026SH,74XX Winchester Rd,Counterfeiting/Forgery,925,Ridgeway,09/27/2017   6:00PM,1
35.050888243162,-89.80062621860000,va,3706066,1709006507ME,35XX Chester Ln,Vandalism/Misdemeanor,926,Ridgeway,09/13/2017  10:21AM,
35.050894638613,-89.82623996120000,th,3735398,1710015944ME,71XX Winchester Rd,Theft From Motor Vehicle,925,Ridgeway,10/31/2017   9:35AM,
35.050894638613,-89.82623996120000,th,3712672,1709012308ME,71XX Winchester Rd,Theft From Motor Vehicle,925,Ridgeway,09/22/2017   7:15PM,
35.050894638613,-89.82623996120000,th,3709562,1709009497ME,71XX Winchester Rd,Theft From Motor Vehicle,925,Ridgeway,09/18/2017   3:09PM,
35.050956340000,-89.79691815000000,th,3738576,1711002430ME,35XX Hacks Cross Rd,Theft From Motor Vehicle,926,Ridgeway,11/05/2017   8:19AM,
35.050970900000,-89.79796999999996,va,3710798,1709010654ME,35XX Hacks Cross,Vandalism/Misdemeanor,926,Ridgeway,09/20/2017  10:03AM,
35.051131842840,-89.81517464310000,ot,3751309,1711013760ME,74XX Winchester Rd,Intimidation,925,Ridgeway,11/28/2017  10:52AM,
35.051192441142,-89.81774188220000,ot,3740366,1711004028ME,73XX Winchester Rd,Theft of Vehicle Parts/Accessories,925,Ridgeway,11/08/2017  10:30AM,
35.051192441142,-89.81774188220000,ot,3728252,1710009581ME,73XX Winchester Rd,Intimidation,925,Ridgeway,10/18/2017   3:47PM,
35.051232000000,-89.76596600000000,ot,3712232,1709012187ME,36XX Classic Drive,Credit Card/Atm Fraud,926,Ridgeway,09/22/2017   1:00PM,
35.051239600000,-89.78687009999999,ot,3718938,1710001304ME,35XX Greenside Dr,Credit Card/Atm Fraud,0,0,10/03/2017  12:06PM,
35.051315000000,-89.81798900000001,ot,3706060,1709006502ME,73XX Winchester,Theft of Vehicle Parts/Accessories,925,Ridgeway,09/13/2017  10:19AM,
35.051317140000,-89.81615521000000,ot,3733492,1710014152ME,74XX Winchester Rd,Theft of Vehicle Parts/Accessories,925,Ridgeway,10/27/2017   7:48AM,
35.051580300000,-89.79514100000000,ot,3745299,1711008472ME,34XX Hacks Cross Rd,Intimidation,926,Ridgeway,11/16/2017   1:46PM,
35.051611763590,-89.79708299600000,va,3733749,1710013832ME,35XX Hacks Cross Rd,Vandalism/Misdemeanor,926,Ridgeway,10/26/2017   3:57PM,
35.051677950000,-89.83353531000000,aa,3747244,1711010153ME,68XX Kirbybrooks Dr,Aggravated Assault/Dv,925,Ridgeway,11/20/2017   8:44AM,
35.051741727499,-89.82410145440000,bu,3728296,1710009573ME,72XX Riverdale Bend Dr,Burglary/Non-Residential,925,Ridgeway,10/18/2017   3:01PM,
35.051849970365,-89.80485756140000,ot,3726315,1710007859ME,77XX Polo Grounds,Counterfeiting/Forgery,926,Ridgeway,10/15/2017   2:45PM,
35.051883334325,-89.78485240630000,va,3729381,1710010562ME,83XX Championship Dr,Vandalism/Misdemeanor,926,Ridgeway,10/20/2017   9:58AM,
35.052122000000,-89.80751599999996,ot,3706999,1709007349ME,76XX Polo Grounds Blvd,False Pretenses/Swindle/Confidence Game,926,Ridgeway,09/14/2017   3:23PM,
35.052180028716,-89.80717342840000,ot,3740008,1711003749ME,76XX Polo Grounds Blvd,Counterfeiting/Forgery,926,Ridgeway,11/07/2017   6:44PM,1
35.052198000000,-89.77797300000000,ot,3750659,1711013262ME,35XX Windgarden Cv,Identity Theft + Impersonation,926,Ridgeway,11/27/2017   1:54PM,
35.052234500000,-89.82945760000000,dr,3733507,1710014126ME,60XX Riverdale Bend,Drugs/Narcotics Violation/Misdemeanor,925,Ridgeway,10/27/2017   4:19AM,
35.052253800000,-89.78695510000000,va,3735157,1710015763ME,35XX Greenside Dr,Vandalism/Misdemeanor,926,Ridgeway,10/30/2017  10:37PM,
35.052253800000,-89.78695510000000,va,3706064,1709006514ME,35XX Greenside Dr,Vandalism/Misdemeanor,926,Ridgeway,09/13/2017  11:18AM,
35.052428320378,-89.83129462420000,va,3751419,1711013898ME,35XX Riverdale Rd,Vandalism/Misdemeanor,925,Ridgeway,11/28/2017   2:59PM,
35.052459200000,-89.75980950000002,aa,3749444,1711012200ME,59XX Cedar Forest Dr,Aggravated Assault,326,Mt. Moriah,11/24/2017   8:35PM,
35.052565200000,-89.79907440000000,ot,3714273,1709013877ME,79XX Winchester,Intimidation,926,Ridgeway,09/25/2017   7:56PM,
35.052579970000,-89.82745623000000,va,3756914,1712003464ME,70XX Riverdale Bend Rd,Vandalism/Misdemeanor,925,Ridgeway,12/07/2017   5:27PM,
35.052579970000,-89.82745623000000,va,3720117,1710002348ME,70XX Riverdale Bend Rd,Vandalism/Misdemeanor,925,Ridgeway,10/05/2017   6:25AM,
35.052597000000,-89.82749200000000,ot,3752710,1711015058ME,70XX Riverdale Bend,Theft From Coin Machine/Device,925,Ridgeway,11/30/2017   1:40PM,
35.052597000000,-89.82749200000000,va,3726412,1710008010ME,70XX Riverdale Bend,Vandalism/Misdemeanor,925,Ridgeway,10/15/2017  11:09PM,
35.052597000000,-89.82749200000000,th,3715806,1709015299ME,70XX Riverdale Bend,Theft From Motor Vehicle,925,Ridgeway,09/28/2017   6:42AM,
35.052597000000,-89.82749200000000,va,3710595,1709010614ME,70XX Riverdale Bend,Vandalism/Misdemeanor,925,Ridgeway,09/20/2017   8:43AM,
35.052837100000,-89.80926850000000,th,3728422,1710009754ME,76XX Polo Ground Blvd,Theft From Motor Vehicle,926,Ridgeway,10/18/2017   8:28PM,
35.053121190000,-89.78514043000000,ot,3732459,1710013382ME,83XX Championship Dr,False Pretenses/Swindle/Confidence Game + False Pretenses/Swindle/Confidence Game,926,Ridgeway,10/25/2017   6:46PM,
35.053137187119,-89.82840618850000,aa,3712291,1709012124ME,35XX Riverdale Rd,Aggravated Assault + Simple Assault,925,Ridgeway,09/22/2017   2:19PM,
35.053138000000,-89.82856900000002,bu,3710925,1709010870ME,35XX Riverdale,Burglary/Business,925,Ridgeway,09/20/2017   3:20PM,
35.053200000000,-89.78423000000000,bu,3734083,1710014829ME,83XX Championship Dr,Burglary/Residential,926,RIDGE,10/28/2017   6:26PM,
35.054196800000,-89.83131079999998,ot,3746741,1711009698ME,34XX Riverdale Rd,Theft of Vehicle Parts/Accessories,925,Ridgeway,11/19/2017  12:09AM,
35.054196800000,-89.83131079999998,th,3708657,1709008936ME,34XX Riverdale Rd,Theft From Motor Vehicle,925,Ridgeway,09/17/2017   1:18PM,
35.054196800000,-89.83131079999998,ot,3707181,1709007518ME,34XX Riverdale Rd,False Pretenses/Swindle/Confidence Game,925,Ridgeway,09/14/2017   7:45PM,1
35.055099900000,-89.77330890000000,ot,3754966,1712001655ME,86XX Classic Dr,Counterfeiting/Forgery,926,Ridgeway,12/04/2017   3:25PM,
35.056819560000,-89.82790944000000,aa,3713581,1709013321ME,Riverdale & Quince,Aggravated Assault,926,Ridgeway,09/24/2017   8:11PM,
35.057721620000,-89.80026308000000,th,3750555,1711013172ME,33XX Livingstone Dr E,Theft From Motor Vehicle,926,Ridgeway,11/27/2017  11:13AM,
35.057721620000,-89.79830586000000,th,3714711,1709000949SH,33XX N Chimney Top Dr,Theft From Motor Vehicle,926,Ridgeway,09/26/2017  10:28AM,
35.057811830000,-89.79978924000000,aa,3733734,1710014420ME,79XX White Bluff Ln,Aggravated Assault,926,Ridgeway,10/27/2017   4:42PM,1
35.058450100000,-89.79586580000000,ot,3721481,1710003559ME,80XX Haversham Way,Credit Card/Atm Fraud,926,Ridgeway,10/07/2017   9:38AM,
35.058450100000,-89.79586580000000,th,3705930,1709006427ME,80XX Haversham Way,Theft From Motor Vehicle,926,Ridgeway,09/13/2017   6:41AM,
35.058606200000,-89.81076339999998,bu,3734732,1710015393ME,32XX Ascroft Ln,Burglary/Residential,926,Ridgeway,10/30/2017   9:37AM,
35.058623690000,-89.78586064000000,va,3721224,1710003038ME,Players Club Pkwy & Tournament Dr,Vandalism/Felony,926,Ridgeway,10/03/2017  12:47AM,
35.058710000000,-89.81012000000000,ot,3731213,1710012084ME,75XX Lexus Ln,Identity Theft + Other Theft/Non-Specific,926,Ridgeway,10/23/2017   4:54PM,
35.058736000000,-89.78125600000000,ot,3734051,1710014791ME,33XX Gallery Rd,Intimidation,926,Ridgeway,10/28/2017   4:31PM,
35.058736000000,-89.78125600000000,bu,3722229,1710004103ME,33XX Gallery Dr,Burglary/Residential,926,Ridgeway,10/08/2017   4:36PM,
35.058804110000,-89.81060382000000,bu,3734807,1710015405ME,75XX Lexus Ln,Burglary/Residential,926,Ridgeway,10/30/2017   9:58AM,
35.058851800000,-89.81110079999996,bu,3750253,1711012904ME,75XX Lexus Ln,Burglary/Residential,926,Ridgeway,11/26/2017   5:49PM,
35.058984520000,-89.81007212000000,va,3724158,1710004742ME,75XX Lexus,Vandalism/Misdemeanor,926,Ridgeway,10/09/2017   6:05PM,
35.059170000000,-89.80043000000000,bu,3716500,1709001083SH,79XX Black Mountain,Burglary/Non-Residential,926,RIDGE,09/29/2017   9:37AM,1
35.059235000000,-89.81725999999998,aa,3704519,1709005123ME,32XX Cotton Bale,Aggravated Assault/Dv,926,Ridgeway,09/10/2017   9:58PM,
35.059372900000,-89.80932670000000,ot,3706429,1709005022ME,32XX Tracer Ln,Doa/Natural,926,Ridgeway,09/10/2017   4:33PM,
35.059376800000,-89.79380430000000,bu,3748371,1711011196ME,33XX Hacks Cross Rd,Burglary/Business,926,Ridgeway,11/22/2017   3:54AM,
35.059376800000,-89.79380430000000,ot,3732210,1710013114ME,33XX Hacks Cross Rd,Obscene/Harassing Phone Calls,926,Ridgeway,10/25/2017  11:08AM,
35.059482000000,-89.79380500000000,va,3754979,1712001694ME,33XX Hackscross Rd,Vandalism/Misdemeanor,926,Ridgeway,12/04/2017   4:23PM,
35.059640000000,-89.80010000000000,ot,3754280,1712001087ME,79XX Silver Lake Ln,Other Theft/Non-Specific,926,RIDGE,12/03/2017   1:48PM,
35.059818200000,-89.79585509999998,bu,3714277,1709013841ME,32XX Remington Trace,Burglary/Residential,926,Ridgeway,09/25/2017   6:18PM,
35.060608270000,-89.81064278000000,ot,3754521,1712001316ME,32XX Ascroft Dr,Theft of Vehicle Parts/Accessories,926,Ridgeway,12/04/2017   2:55AM,
35.060608270000,-89.80750985000000,va,3712559,1709011841ME,76XX Shuler,Vandalism/Misdemeanor,926,Ridgeway,09/22/2017   2:13AM,
35.060617200000,-89.79993550000000,ot,3731079,1710012082ME,32XX Hartcourt Way,Impersonation,926,Ridgeway,10/23/2017   4:54PM,
35.060617200000,-89.79993550000000,th,3706416,1709006862ME,32XX Harcourt Way,Theft From Motor Vehicle,926,Ridgeway,09/13/2017   8:03PM,
35.060969110000,-89.81733665000000,th,3743416,1711006835ME,73XX Cotton Grove Ct,Theft From Motor Vehicle,926,Ridgeway,11/13/2017   5:59PM,
35.061059320000,-89.80988361000000,ot,3716132,1709015612ME,32XX Gratton Ln,Theft of Vehicle Parts/Accessories,926,Ridgeway,09/28/2017   4:50PM,
35.061510360000,-89.79622717000000,ot,3727852,1710009261ME,80XX Atwater Ln,Carjacking,926,Ridgeway,10/17/2017  11:18PM,
35.061806800000,-89.79682150000000,th,3740738,1711004320ME,72XX Atwater Ln,Theft From Motor Vehicle,926,Ridgeway,11/08/2017   6:37PM,
35.062683100000,-89.80812922000000,va,3743800,1711007121ME,76XX Proudland Cv,Vandalism/Misdemeanor,926,Ridgeway,11/14/2017  10:02AM,
35.062863520000,-89.80850393000000,va,3751913,1711014328ME,76XX Proud Land Cv,Vandalism/Felony,926,Ridgeway,11/29/2017  10:02AM,
35.062863520000,-89.79998233000000,va,3710395,1709010455ME,78XX Players Forest,Vandalism/Misdemeanor,926,Ridgeway,09/19/2017  11:53PM,
35.064487320000,-89.80694377000000,ot,3711906,1709011724ME,30XX Belgrave,Intimidation/Dv + Emergency Commitment,926,Ridgeway,09/21/2017  10:55PM,1
35.065840510000,-89.81034886000000,th,3708695,1709008948ME,30XX Mon Cheri,Theft From Motor Vehicle,926,Ridgeway,09/17/2017   1:35PM,
